/* Member */
insert into member (id, memberCardNumber, memberId, apartmentNumber, streetNumber, street, city, provinceState, country, postalCode, phone, firstName, lastName, email, membershipType, birthdate, inCatchment, household, dateCreated, testimony) values (1, 4749129.3451244, '7caddfaa-c688-44e5-9bd8-4309b29e6326', '4', '076', '7 1st Pass', 'Columbus', 'OH', 'United States', '43268', '6149129786', 'Anna-diane', 'Becke', 'abecke0@mac.com', 1, '2016-12-06 15:55:53', false, true, '2017-07-25 04:00:17', 'synergize world-class supply-chains');
insert into member (id, memberCardNumber, memberId, apartmentNumber, streetNumber, street, city, provinceState, country, postalCode, phone, firstName, lastName, email, membershipType, birthdate, inCatchment, household, dateCreated, testimony) values (2, 6519919.1624809, 'f08557a2-882e-435f-8896-44dfe60a28eb', '65650', '051', '3908 Blackbird Terrace', 'Hartford', 'CT', 'United States', '06140', '8603657048', 'Brit', 'Peach', 'bpeach1@cam.ac.uk', 2, '2017-08-14 20:51:58', false, true, '2017-08-19 10:03:00', 'synergize frictionless convergence');
insert into member (id, memberCardNumber, memberId, apartmentNumber, streetNumber, street, city, provinceState, country, postalCode, phone, firstName, lastName, email, membershipType, birthdate, inCatchment, household, dateCreated, testimony) values (3, 3737448.9542541, 'd2ab0ec7-e4aa-4754-bc2b-96a72a727147', '224', '4556', '104 Nancy Drive', 'Portland', 'OR', 'United States', '97255', '9718133312', 'Wolfie', 'Tye', 'wtye2@blogtalkradio.com', 4, '2017-06-23 23:58:55', false, false, '2017-06-01 12:37:54', 'transition one-to-one models');
insert into member (id, memberCardNumber, memberId, apartmentNumber, streetNumber, street, city, provinceState, country, postalCode, phone, firstName, lastName, email, membershipType, birthdate, inCatchment, household, dateCreated, testimony) values (4, 2807371.0680324, '7a3d22c2-f399-43ee-b9d9-fb2d6b64936f', '630', '55', '8 4th Lane', 'Scottsdale', 'AZ', 'United States', '85260', '4808505755', 'Ardene', 'Haggata', 'ahaggata3@flickr.com', 4, '2016-11-11 08:55:22', false, true, '2017-03-10 07:50:38', 'aggregate user-centric schemas');
insert into member (id, memberCardNumber, memberId, apartmentNumber, streetNumber, street, city, provinceState, country, postalCode, phone, firstName, lastName, email, membershipType, birthdate, inCatchment, household, dateCreated, testimony) values (5, 1922773.5141631, '9dd7031d-1255-455f-8372-98910c58a70e', '83543', '515', '8 Holmberg Place', 'Atlanta', 'GA', 'United States', '30358', '4047414295', 'Ardisj', 'Huddleston', 'ahuddleston4@prlog.org', 2, '2016-11-27 03:41:40', false, true, '2016-12-08 08:16:14', 'whiteboard turn-key relationships');
insert into member (id, memberCardNumber, memberId, apartmentNumber, streetNumber, street, city, provinceState, country, postalCode, phone, firstName, lastName, email, membershipType, birthdate, inCatchment, household, dateCreated, testimony) values (6, 9728688.4581084, '938bfa4d-df66-4d2b-bd4c-de66ad4ea50b', '4', '8866', '135 Tony Center', 'Fort Myers', 'FL', 'United States', '33906', '2395598958', 'Roseline', 'Cadagan', 'rcadagan5@microsoft.com', 3, '2017-04-10 22:26:23', false, false, '2016-11-14 05:47:34', 'innovate mission-critical initiatives');
insert into member (id, memberCardNumber, memberId, apartmentNumber, streetNumber, street, city, provinceState, country, postalCode, phone, firstName, lastName, email, membershipType, birthdate, inCatchment, household, dateCreated, testimony) values (7, 8605611.2488061, '73241953-797f-43c3-a7ff-68c2b75acb0f', '2', '6048', '7058 Coleman Street', 'Merrifield', 'VA', 'United States', '22119', '5712938903', 'Gratia', 'Vannar', 'gvannar6@a8.net', 2, '2017-06-21 00:05:06', false, false, '2017-02-03 19:14:09', 'extend B2C web services');
insert into member (id, memberCardNumber, memberId, apartmentNumber, streetNumber, street, city, provinceState, country, postalCode, phone, firstName, lastName, email, membershipType, birthdate, inCatchment, household, dateCreated, testimony) values (8, 4398669.672717, 'ea2ae2de-a7b2-44b1-a9cc-fdce0f2508e1', '34971', '74', '055 Westend Street', 'Abilene', 'TX', 'United States', '79699', '3258674886', 'Pail', 'Angove', 'pangove7@purevolume.com', 3, '2017-01-25 19:40:45', false, true, '2017-01-08 06:53:37', 'maximize one-to-one communities');
insert into member (id, memberCardNumber, memberId, apartmentNumber, streetNumber, street, city, provinceState, country, postalCode, phone, firstName, lastName, email, membershipType, birthdate, inCatchment, household, dateCreated, testimony) values (9, 9417931.4963322, '9e8e661e-b852-4edc-95a6-0985a4e32f1b', '13', '8', '4497 Susan Parkway', 'Brockton', 'MA', 'United States', '02405', '5081065425', 'Sallyanne', 'Bento', 'sbento8@psu.edu', 1, '2017-01-01 10:13:33', true, false, '2017-07-15 03:43:38', 'monetize customized platforms');
insert into member (id, memberCardNumber, memberId, apartmentNumber, streetNumber, street, city, provinceState, country, postalCode, phone, firstName, lastName, email, membershipType, birthdate, inCatchment, household, dateCreated, testimony) values (10, 2135235.4710861, 'e9a1489f-7371-4018-85e4-eee4a682ea46', '0', '34225', '3403 Graedel Road', 'Hampton', 'VA', 'United States', '23668', '7577800182', 'Kari', 'Leavry', 'kleavry9@blogspot.com', 3, '2017-05-07 04:36:17', true, true, '2017-01-18 00:09:40', 'incubate global e-services');
insert into member (id, memberCardNumber, memberId, apartmentNumber, streetNumber, street, city, provinceState, country, postalCode, phone, firstName, lastName, email, membershipType, birthdate, inCatchment, household, dateCreated, testimony) values (11, 7503572.572836, 'a22a4478-677f-4993-9a0a-3cd545a4ea15', '0', '94', '822 Carpenter Center', 'Minneapolis', 'MN', 'United States', '55436', '6129288251', 'Brunhilda', 'Kiffin', 'bkiffina@mayoclinic.com', 2, '2017-07-03 16:37:43', false, true, '2016-12-14 07:17:55', 'target frictionless paradigms');
insert into member (id, memberCardNumber, memberId, apartmentNumber, streetNumber, street, city, provinceState, country, postalCode, phone, firstName, lastName, email, membershipType, birthdate, inCatchment, household, dateCreated, testimony) values (12, 3069990.8260319, '70e7e7e7-972d-4716-9c7e-7199677b6667', '0484', '08718', '784 International Hill', 'Fort Worth', 'TX', 'United States', '76129', '8179589350', 'Celle', 'Norgan', 'cnorganb@mac.com', 4, '2017-09-26 06:44:03', true, false, '2017-01-24 01:16:26', 'envisioneer extensible infomediaries');
insert into member (id, memberCardNumber, memberId, apartmentNumber, streetNumber, street, city, provinceState, country, postalCode, phone, firstName, lastName, email, membershipType, birthdate, inCatchment, household, dateCreated, testimony) values (13, 6081868.0783494, '823fd9ee-32a3-4089-b26e-59b313eafd9e', '4739', '12784', '69 Oneill Way', 'Waco', 'TX', 'United States', '76705', '2547092038', 'Roshelle', 'Peterkin', 'rpeterkinc@admin.ch', 2, '2017-08-24 07:43:42', false, false, '2017-09-28 10:10:09', 'architect transparent methodologies');
insert into member (id, memberCardNumber, memberId, apartmentNumber, streetNumber, street, city, provinceState, country, postalCode, phone, firstName, lastName, email, membershipType, birthdate, inCatchment, household, dateCreated, testimony) values (14, 5714327.5212041, '230f51aa-7ce5-4f51-a29f-4964ab3f194d', '565', '701', '73 Starling Street', 'Denton', 'TX', 'United States', '76210', '9408198788', 'Tiffie', 'Blaver', 'tblaverd@squidoo.com', 1, '2017-04-04 10:52:06', true, true, '2017-01-08 02:46:05', 'aggregate clicks-and-mortar eyeballs');
insert into member (id, memberCardNumber, memberId, apartmentNumber, streetNumber, street, city, provinceState, country, postalCode, phone, firstName, lastName, email, membershipType, birthdate, inCatchment, household, dateCreated, testimony) values (15, 8050954.3267262, 'a5bbbbe9-7036-4f2c-93c0-b13abb464a72', '163', '29', '5375 Nancy Way', 'Savannah', 'GA', 'United States', '31410', '9125802226', 'Sheilah', 'Laverty', 'slavertye@census.gov', 1, '2017-08-22 10:51:29', false, false, '2017-02-03 03:05:49', 'drive cross-media supply-chains');
insert into member (id, memberCardNumber, memberId, apartmentNumber, streetNumber, street, city, provinceState, country, postalCode, phone, firstName, lastName, email, membershipType, birthdate, inCatchment, household, dateCreated, testimony) values (16, 8994117.8019114, 'a7eaa5e4-d36a-428e-93a8-50b0d69404a2', '946', '7506', '08127 Lien Hill', 'Van Nuys', 'CA', 'United States', '91499', '2131686872', 'Xylina', 'Kilrow', 'xkilrowf@mozilla.com', 2, '2017-07-18 23:23:38', true, true, '2017-06-12 07:14:21', 'integrate wireless architectures');
insert into member (id, memberCardNumber, memberId, apartmentNumber, streetNumber, street, city, provinceState, country, postalCode, phone, firstName, lastName, email, membershipType, birthdate, inCatchment, household, dateCreated, testimony) values (17, 3747808.2429149, '8da71ab2-bfeb-4193-9efa-20ddda2cdb52', '4', '34', '53620 Toban Center', 'Saint Louis', 'MO', 'United States', '63150', '3144938407', 'Cory', 'enzley', 'cenzleyg@tinyurl.com', 4, '2017-05-13 09:26:08', true, true, '2017-04-06 13:01:02', 'envisioneer ubiquitous applications');
insert into member (id, memberCardNumber, memberId, apartmentNumber, streetNumber, street, city, provinceState, country, postalCode, phone, firstName, lastName, email, membershipType, birthdate, inCatchment, household, dateCreated, testimony) values (18, 8588753.3519957, '174b73eb-66bb-4240-a28b-cca6a12e255a', '310', '7582', '1329 Paget Center', 'Odessa', 'TX', 'United States', '79769', '4327563066', 'Leonie', 'Keys', 'lkeysh@jugem.jp', 4, '2017-10-18 23:55:54', false, true, '2017-07-10 09:59:02', 'transform dynamic methodologies');
insert into member (id, memberCardNumber, memberId, apartmentNumber, streetNumber, street, city, provinceState, country, postalCode, phone, firstName, lastName, email, membershipType, birthdate, inCatchment, household, dateCreated, testimony) values (19, 9205824.0716107, '0236af43-6502-4375-a68c-b8036272fb34', '4939', '8', '36018 Jenifer Pass', 'Fort Worth', 'TX', 'United States', '76115', '8171225805', 'Shaughn', 'Copson', 'scopsoni@loc.gov', 2, '2017-10-01 11:18:33', false, false, '2016-11-30 03:21:36', 'matrix intuitive action-items');
insert into member (id, memberCardNumber, memberId, apartmentNumber, streetNumber, street, city, provinceState, country, postalCode, phone, firstName, lastName, email, membershipType, birthdate, inCatchment, household, dateCreated, testimony) values (20, 4811721.2400148, '80456e8a-86a0-4865-af9c-9831d65d6dcf', '38', '20', '485 Killdeer Place', 'Houston', 'TX', 'United States', '77060', '8326668809', 'Deane', 'Voisey', 'dvoiseyj@theglobeandmail.com', 3, '2017-04-21 17:18:48', false, true, '2017-10-25 09:13:47', 'embrace efficient portals');
insert into member (id, memberCardNumber, memberId, apartmentNumber, streetNumber, street, city, provinceState, country, postalCode, phone, firstName, lastName, email, membershipType, birthdate, inCatchment, household, dateCreated, testimony) values (21, 4158188.2505491, 'e4e9650c-7812-4274-b29b-1ab5809f4023', '1', '5', '60195 Independence Park', 'Bloomington', 'IN', 'United States', '47405', '8126342490', 'Louis', 'Balsom', 'lbalsomk@mail.ru', 2, '2016-11-22 11:39:46', false, false, '2017-07-16 06:22:58', 'repurpose enterprise relationships');
insert into member (id, memberCardNumber, memberId, apartmentNumber, streetNumber, street, city, provinceState, country, postalCode, phone, firstName, lastName, email, membershipType, birthdate, inCatchment, household, dateCreated, testimony) values (22, 6411012.3625327, 'b468e3b8-80a4-4508-98eb-835ceebaedf6', '26074', '2895', '937 Forest Run Park', 'Honolulu', 'HI', 'United States', '96820', '8088916354', 'Ulrica', 'Purvis', 'upurvisl@nasa.gov', 1, '2017-10-17 12:12:44', true, true, '2017-04-14 06:30:08', 'productize viral e-business');
insert into member (id, memberCardNumber, memberId, apartmentNumber, streetNumber, street, city, provinceState, country, postalCode, phone, firstName, lastName, email, membershipType, birthdate, inCatchment, household, dateCreated, testimony) values (23, 9748413.5581773, '5314f5d8-db94-4af1-bef7-07d3daeeda0b', '17', '38331', '3180 7th Lane', 'Atlanta', 'GA', 'United States', '30316', '6789290580', 'Abdul', 'Braksper', 'abraksperm@webs.com', 2, '2017-10-21 23:00:20', true, true, '2017-06-02 08:30:21', 'optimize leading-edge interfaces');
insert into member (id, memberCardNumber, memberId, apartmentNumber, streetNumber, street, city, provinceState, country, postalCode, phone, firstName, lastName, email, membershipType, birthdate, inCatchment, household, dateCreated, testimony) values (24, 3512320.801594, '13d763bb-bb75-4453-90db-1654930e4125', '872', '57672', '69 Boyd Pass', 'Round Rock', 'TX', 'United States', '78682', '5124046210', 'Martainn', 'Maudson', 'mmaudsonn@myspace.com', 3, '2017-07-10 10:12:40', false, false, '2017-04-28 07:43:00', 'facilitate one-to-one partnerships');
insert into member (id, memberCardNumber, memberId, apartmentNumber, streetNumber, street, city, provinceState, country, postalCode, phone, firstName, lastName, email, membershipType, birthdate, inCatchment, household, dateCreated, testimony) values (25, 6616214.7338449, '6feba28e-c6c1-4c0e-899d-9a2a6d1c6fa6', '4', '65', '7083 Sugar Parkway', 'Hartford', 'CT', 'United States', '06140', '8605908646', 'Mirelle', 'Presnail', 'mpresnailo@over-blog.com', 4, '2017-08-27 11:37:10', true, false, '2017-10-28 18:53:02', 'syndicate one-to-one applications');
insert into member (id, memberCardNumber, memberId, apartmentNumber, streetNumber, street, city, provinceState, country, postalCode, phone, firstName, lastName, email, membershipType, birthdate, inCatchment, household, dateCreated, testimony) values (26, 9500792.9896279, '1d803a9b-076c-4735-ad3d-c72ce1156b47', '6372', '815', '2 Gulseth Avenue', 'Kissimmee', 'FL', 'United States', '34745', '4073458221', 'Trenton', 'Pickston', 'tpickstonp@sina.com.cn', 1, '2017-09-20 19:51:37', true, false, '2017-04-02 14:48:27', 'syndicate cross-media communities');
insert into member (id, memberCardNumber, memberId, apartmentNumber, streetNumber, street, city, provinceState, country, postalCode, phone, firstName, lastName, email, membershipType, birthdate, inCatchment, household, dateCreated, testimony) values (27, 3587556.8966934, 'cd4ca8bc-c020-4438-b17b-41fb0888004b', '48388', '14', '8177 Arrowood Park', 'Minneapolis', 'MN', 'United States', '55436', '6126637034', 'Nadya', 'Alans', 'nalansq@narod.ru', 4, '2017-11-03 05:35:15', true, false, '2017-03-09 00:57:40', 'reintermediate killer e-services');
insert into member (id, memberCardNumber, memberId, apartmentNumber, streetNumber, street, city, provinceState, country, postalCode, phone, firstName, lastName, email, membershipType, birthdate, inCatchment, household, dateCreated, testimony) values (28, 4051414.6766927, '235d61f2-8c47-4224-865a-47fdfef38fb9', '8', '18', '6931 Kings Court', 'Hayward', 'CA', 'United States', '94544', '5105225378', 'Cherie', 'Packman', 'cpackmanr@reuters.com', 1, '2017-01-09 03:15:11', false, true, '2016-12-29 11:44:10', 'monetize extensible portals');
insert into member (id, memberCardNumber, memberId, apartmentNumber, streetNumber, street, city, provinceState, country, postalCode, phone, firstName, lastName, email, membershipType, birthdate, inCatchment, household, dateCreated, testimony) values (29, 8774774.3315345, 'b3eea63a-ec9f-4fcd-9ba3-97dc3adf683c', '87779', '6467', '5 Monterey Court', 'Lansing', 'MI', 'United States', '48901', '5176333296', 'Annadiana', 'Dowthwaite', 'adowthwaites@diigo.com', 3, '2017-07-15 20:21:49', true, false, '2016-12-31 16:36:20', 'embrace one-to-one mindshare');
insert into member (id, memberCardNumber, memberId, apartmentNumber, streetNumber, street, city, provinceState, country, postalCode, phone, firstName, lastName, email, membershipType, birthdate, inCatchment, household, dateCreated, testimony) values (30, 4302457.0382757, 'b8eec6d5-3824-4673-a8ae-aa4dd9919587', '1226', '52', '7 Sloan Hill', 'New York City', 'NY', 'United States', '10105', '2123157501', 'Gunilla', 'Yeld', 'gyeldt@go.com', 2, '2017-07-27 22:15:18', false, false, '2016-12-27 05:14:13', 'revolutionize bleeding-edge e-markets');
insert into member (id, memberCardNumber, memberId, apartmentNumber, streetNumber, street, city, provinceState, country, postalCode, phone, firstName, lastName, email, membershipType, birthdate, inCatchment, household, dateCreated, testimony) values (31, 4522997.5074515, '7ae5aeac-49ff-4593-983a-9bcdcabbab2f', '513', '0', '977 Scoville Center', 'Kent', 'WA', 'United States', '98042', '2068290993', 'Gussi', 'Franklen', 'gfranklenu@1688.com', 4, '2017-08-18 23:33:23', false, true, '2016-12-05 18:47:00', 'benchmark cutting-edge content');
insert into member (id, memberCardNumber, memberId, apartmentNumber, streetNumber, street, city, provinceState, country, postalCode, phone, firstName, lastName, email, membershipType, birthdate, inCatchment, household, dateCreated, testimony) values (32, 5510244.3558291, '376ee819-4d61-4072-89cc-c66b1b7ba06a', '27', '09492', '72558 Warbler Road', 'Little Rock', 'AR', 'United States', '72222', '5018295197', 'Arlina', 'Cridlin', 'acridlinv@wix.com', 4, '2017-07-22 20:41:38', true, false, '2017-08-10 04:07:19', 'enhance customized ROI');
insert into member (id, memberCardNumber, memberId, apartmentNumber, streetNumber, street, city, provinceState, country, postalCode, phone, firstName, lastName, email, membershipType, birthdate, inCatchment, household, dateCreated, testimony) values (33, 2016954.8758788, '3c09e45a-9b5b-452f-9095-1660c56161a8', '3471', '7', '277 Farmco Crossing', 'Grand Forks', 'ND', 'United States', '58207', '7017265031', 'Tobi', 'Skala', 'tskalaw@flickr.com', 1, '2017-01-24 22:04:19', false, false, '2017-09-10 17:57:03', 'integrate efficient paradigms');
insert into member (id, memberCardNumber, memberId, apartmentNumber, streetNumber, street, city, provinceState, country, postalCode, phone, firstName, lastName, email, membershipType, birthdate, inCatchment, household, dateCreated, testimony) values (34, 2216388.5722928, '153dc83f-edf1-4bae-ab5e-ff55db6b4cbb', '75', '90057', '62775 Mosinee Point', 'Springfield', 'IL', 'United States', '62723', '2176674136', 'Rolph', 'Girke', 'rgirkex@sohu.com', 1, '2017-08-31 02:36:56', false, true, '2017-06-07 01:32:35', 'productize distributed synergies');
insert into member (id, memberCardNumber, memberId, apartmentNumber, streetNumber, street, city, provinceState, country, postalCode, phone, firstName, lastName, email, membershipType, birthdate, inCatchment, household, dateCreated, testimony) values (35, 8563721.8641774, '92e50501-933d-4150-a7fd-8bd692ac306e', '1', '1', '1681 Birchwood Pass', 'Louisville', 'KY', 'United States', '40293', '5027843856', 'Ash', 'Way', 'awayy@deviantart.com', 2, '2017-06-01 15:22:13', false, false, '2017-04-03 06:59:17', 'implement visionary models');
insert into member (id, memberCardNumber, memberId, apartmentNumber, streetNumber, street, city, provinceState, country, postalCode, phone, firstName, lastName, email, membershipType, birthdate, inCatchment, household, dateCreated, testimony) values (36, 8175777.2167099, 'ee0c449a-ae28-423e-8a12-ec0a010feb97', '3738', '88', '1 Rusk Road', 'Pittsburgh', 'PA', 'United States', '15210', '4123840890', 'Gabey', 'Guslon', 'gguslonz@vimeo.com', 4, '2016-11-27 12:19:48', true, true, '2017-02-02 10:06:05', 'orchestrate efficient bandwidth');
insert into member (id, memberCardNumber, memberId, apartmentNumber, streetNumber, street, city, provinceState, country, postalCode, phone, firstName, lastName, email, membershipType, birthdate, inCatchment, household, dateCreated, testimony) values (37, 3215562.7281804, '9636d3b2-b970-4036-b030-e04ac36927fe', '95', '8743', '8 Quincy Avenue', 'Columbia', 'MO', 'United States', '65218', '5737715044', 'Martha', 'Lehmann', 'mlehmann10@dailymotion.com', 2, '2016-12-23 10:16:46', false, false, '2017-04-04 10:15:48', 'disintermediate revolutionary eyeballs');
insert into member (id, memberCardNumber, memberId, apartmentNumber, streetNumber, street, city, provinceState, country, postalCode, phone, firstName, lastName, email, membershipType, birthdate, inCatchment, household, dateCreated, testimony) values (38, 9441802.4297551, '18709d88-77a5-4f87-b8dd-b535b3241bfa', '61541', '0', '97 Paget Crossing', 'Tacoma', 'WA', 'United States', '98442', '2532441672', 'Derek', 'Mottini', 'dmottini11@deliciousdays.com', 2, '2017-10-03 12:40:48', true, false, '2016-11-08 01:17:10', 'enhance 24/365 channels');
insert into member (id, memberCardNumber, memberId, apartmentNumber, streetNumber, street, city, provinceState, country, postalCode, phone, firstName, lastName, email, membershipType, birthdate, inCatchment, household, dateCreated, testimony) values (39, 7320805.5220119, '25ced59a-4b0c-4e25-9084-b54f34ebe136', '28436', '02121', '7 Sugar Street', 'Fort Worth', 'TX', 'United States', '76178', '6824259770', 'Eimile', 'Rugieri', 'erugieri12@photobucket.com', 3, '2017-10-12 11:24:20', false, false, '2016-11-11 19:06:37', 'innovate global deliverables');
insert into member (id, memberCardNumber, memberId, apartmentNumber, streetNumber, street, city, provinceState, country, postalCode, phone, firstName, lastName, email, membershipType, birthdate, inCatchment, household, dateCreated, testimony) values (40, 2695659.6680715, '9b69eca8-1738-4ea2-b60d-b3c21460378d', '279', '16586', '035 Ramsey Drive', 'Boca Raton', 'FL', 'United States', '33487', '5612467236', 'Chastity', 'Deniso', 'cdeniso13@networkadvertising.org', 3, '2017-09-20 19:48:02', true, false, '2017-10-16 21:20:51', 'mesh distributed eyeballs');
insert into member (id, memberCardNumber, memberId, apartmentNumber, streetNumber, street, city, provinceState, country, postalCode, phone, firstName, lastName, email, membershipType, birthdate, inCatchment, household, dateCreated, testimony) values (41, 1095711.285978, '0cd2547b-af6e-49d3-88ba-fdab59c6cf52', '7896', '532', '015 5th Lane', 'Lexington', 'KY', 'United States', '40576', '8592149027', 'Jamie', 'Sturman', 'jsturman14@auda.org.au', 3, '2017-10-20 02:53:00', true, true, '2016-11-21 13:46:16', 'envisioneer clicks-and-mortar action-items');
insert into member (id, memberCardNumber, memberId, apartmentNumber, streetNumber, street, city, provinceState, country, postalCode, phone, firstName, lastName, email, membershipType, birthdate, inCatchment, household, dateCreated, testimony) values (42, 2383010.6816394, '0d1998be-7175-48cc-b0a6-72697c44355e', '062', '815', '77 Quincy Place', 'Aurora', 'CO', 'United States', '80044', '3039165466', 'Diann', 'Collet', 'dcollet15@storify.com', 4, '2017-07-04 23:15:58', true, false, '2017-08-21 21:58:05', 'recontextualize compelling solutions');
insert into member (id, memberCardNumber, memberId, apartmentNumber, streetNumber, street, city, provinceState, country, postalCode, phone, firstName, lastName, email, membershipType, birthdate, inCatchment, household, dateCreated, testimony) values (43, 5125411.5525674, 'f9c318b5-5e54-4083-ad92-c3bfc237826e', '88472', '510', '94260 Dwight Court', 'Columbus', 'OH', 'United States', '43268', '6149544955', 'Javier', 'Llywarch', 'jllywarch16@slideshare.net', 2, '2016-12-11 11:02:00', true, true, '2016-11-24 17:45:57', 'innovate user-centric synergies');
insert into member (id, memberCardNumber, memberId, apartmentNumber, streetNumber, street, city, provinceState, country, postalCode, phone, firstName, lastName, email, membershipType, birthdate, inCatchment, household, dateCreated, testimony) values (44, 8375353.3373164, 'bd603084-cb7d-4974-8644-dfbb29e6e7dd', '0971', '25', '4182 Hollow Ridge Plaza', 'Columbus', 'OH', 'United States', '43220', '6143166620', 'Free', 'Souttar', 'fsouttar17@netvibes.com', 3, '2017-06-12 16:58:27', false, false, '2017-04-04 17:36:41', 'reinvent granular systems');
insert into member (id, memberCardNumber, memberId, apartmentNumber, streetNumber, street, city, provinceState, country, postalCode, phone, firstName, lastName, email, membershipType, birthdate, inCatchment, household, dateCreated, testimony) values (45, 2293965.0461965, '37a35e15-2294-4ad1-bca3-bdd6b89afbbd', '3900', '834', '277 School Trail', 'Nashville', 'TN', 'United States', '37228', '6158992202', 'Bondie', 'Strelitzki', 'bstrelitzki18@spiegel.de', 3, '2017-10-19 22:16:59', true, true, '2016-12-14 09:27:39', 'disintermediate sticky infrastructures');
insert into member (id, memberCardNumber, memberId, apartmentNumber, streetNumber, street, city, provinceState, country, postalCode, phone, firstName, lastName, email, membershipType, birthdate, inCatchment, household, dateCreated, testimony) values (46, 5381613.1894441, 'd5166577-8758-4983-a56b-11fd089ba955', '4', '0037', '5525 Prairie Rose Hill', 'Mobile', 'AL', 'United States', '36628', '2511723031', 'Sigismund', 'Clewlowe', 'sclewlowe19@privacy.gov.au', 4, '2017-03-11 08:10:28', false, true, '2017-05-31 18:47:35', 'orchestrate synergistic infomediaries');
insert into member (id, memberCardNumber, memberId, apartmentNumber, streetNumber, street, city, provinceState, country, postalCode, phone, firstName, lastName, email, membershipType, birthdate, inCatchment, household, dateCreated, testimony) values (47, 3871420.1593444, '7d0a94c4-df57-44bf-93ae-83bb0df43f8d', '6839', '4967', '71667 Nancy Park', 'Syracuse', 'NY', 'United States', '13251', '3156592711', 'Cyndy', 'Way', 'cway1a@wiley.com', 1, '2017-08-16 02:26:22', true, true, '2017-02-03 08:35:46', 'maximize cross-platform portals');
insert into member (id, memberCardNumber, memberId, apartmentNumber, streetNumber, street, city, provinceState, country, postalCode, phone, firstName, lastName, email, membershipType, birthdate, inCatchment, household, dateCreated, testimony) values (48, 5024423.6317884, '56c08321-ad86-40bc-8ea0-adf6457c0519', '9054', '1610', '80 Dapin Center', 'Sioux Falls', 'SD', 'United States', '57110', '6055290523', 'Annie', 'McNulty', 'amcnulty1b@simplemachines.org', 1, '2017-06-16 05:03:14', true, false, '2017-08-04 13:55:51', 'harness integrated applications');
insert into member (id, memberCardNumber, memberId, apartmentNumber, streetNumber, street, city, provinceState, country, postalCode, phone, firstName, lastName, email, membershipType, birthdate, inCatchment, household, dateCreated, testimony) values (49, 9593221.6439674, '9cfa6a85-ab07-412c-85eb-ee446fe73ca1', '1', '529', '907 Oakridge Way', 'Clearwater', 'FL', 'United States', '33758', '8136559219', 'Dannie', 'Rainard', 'drainard1c@surveymonkey.com', 3, '2017-08-26 00:35:10', true, false, '2017-06-19 04:20:44', 'leverage B2C users');
insert into member (id, memberCardNumber, memberId, apartmentNumber, streetNumber, street, city, provinceState, country, postalCode, phone, firstName, lastName, email, membershipType, birthdate, inCatchment, household, dateCreated, testimony) values (50, 2988723.1366696, '98ac2fba-8f8e-4a61-90ef-2dcc3dd7ac83', '058', '516', '66779 Kennedy Lane', 'Washington', 'DC', 'United States', '20575', '2028627285', 'Devan', 'Anetts', 'danetts1d@nature.com', 4, '2016-11-19 14:40:05', false, true, '2017-04-27 11:01:43', 'engineer scalable experiences');

/* Login */
insert into login (id, password, resetHash, lastLogin) values (1, '1c9f631f37c06838d794969917dac302275c0e2d', 'dc4a548a-fdd3-4bb5-a18a-8aa8d8f497e9', '2017-09-22 08:31:04');
insert into login (id, password, resetHash, lastLogin) values (2, '1c9f631f37c06838d794969917dac302275c0e2d', '95563cda-f8e5-4264-ac0a-afde787f9b1e', '2017-03-10 01:01:42');
insert into login (id, password, resetHash, lastLogin) values (3, '1c9f631f37c06838d794969917dac302275c0e2d', '234b8d67-3342-4852-8032-615fdc97a033', '2017-09-12 08:42:45');
insert into login (id, password, resetHash, lastLogin) values (4, '1c9f631f37c06838d794969917dac302275c0e2d', '5085fcf1-4c4e-452a-ac59-92b3a14e5908', '2017-01-13 14:32:45');
insert into login (id, password, resetHash, lastLogin) values (5, '1c9f631f37c06838d794969917dac302275c0e2d', '577c53fe-e638-4b73-980e-08435e3033d7', '2017-08-24 04:45:25');
insert into login (id, password, resetHash, lastLogin) values (6, '1c9f631f37c06838d794969917dac302275c0e2d', 'abb5ca09-9f23-49f7-a6a3-e7a8511ffa45', '2017-05-25 11:59:07');
insert into login (id, password, resetHash, lastLogin) values (7, '1c9f631f37c06838d794969917dac302275c0e2d', '0961ab98-6cda-40d4-b2b9-b342b5815b8c', '2016-12-13 14:23:28');
insert into login (id, password, resetHash, lastLogin) values (8, '1c9f631f37c06838d794969917dac302275c0e2d', '7f8598f9-bed3-4532-8b1a-5e487127a122', '2017-10-07 02:19:41');
insert into login (id, password, resetHash, lastLogin) values (9, '1c9f631f37c06838d794969917dac302275c0e2d', '6780cef9-3c7a-4faf-a1fc-05de7f97aa6d', '2017-09-24 11:08:52');
insert into login (id, password, resetHash, lastLogin) values (10, '1c9f631f37c06838d794969917dac302275c0e2d', '5622cacf-31a1-4f2b-b5ab-e4403e9871a0', '2017-01-16 20:20:02');
insert into login (id, password, resetHash, lastLogin) values (11, '1c9f631f37c06838d794969917dac302275c0e2d', 'b3b69078-9145-4924-aeb3-344608ef8e96', '2017-06-19 22:09:44');
insert into login (id, password, resetHash, lastLogin) values (12, '1c9f631f37c06838d794969917dac302275c0e2d', '78bfa66d-5ae3-4414-b106-15d79da5fc1f', '2017-07-15 20:27:45');
insert into login (id, password, resetHash, lastLogin) values (13, '1c9f631f37c06838d794969917dac302275c0e2d', 'f1561fb1-b99d-4dff-acc9-6a4e3871916d', '2017-02-05 14:49:08');
insert into login (id, password, resetHash, lastLogin) values (14, '1c9f631f37c06838d794969917dac302275c0e2d', '3f6d3bd2-961b-41c3-96b6-a00646415aad', '2017-09-30 18:29:08');
insert into login (id, password, resetHash, lastLogin) values (15, '1c9f631f37c06838d794969917dac302275c0e2d', '2d63e89d-de70-4dc2-bc74-f6df10be696b', '2017-04-24 13:20:08');
insert into login (id, password, resetHash, lastLogin) values (16, '1c9f631f37c06838d794969917dac302275c0e2d', '9f7190ff-4f2c-471b-94ce-c454f84f2ab7', '2017-01-06 01:27:20');
insert into login (id, password, resetHash, lastLogin) values (17, '1c9f631f37c06838d794969917dac302275c0e2d', '1b32423f-0e10-4027-a399-a220a67b20b5', '2017-10-23 16:40:13');
insert into login (id, password, resetHash, lastLogin) values (18, '1c9f631f37c06838d794969917dac302275c0e2d', '0458c524-b7c4-4fdd-ab59-d93d57d3611e', '2017-09-24 22:50:38');
insert into login (id, password, resetHash, lastLogin) values (19, '1c9f631f37c06838d794969917dac302275c0e2d', 'b2d962ca-2b76-4e78-adf5-0f64bef5c294', '2017-05-24 03:30:25');
insert into login (id, password, resetHash, lastLogin) values (20, '1c9f631f37c06838d794969917dac302275c0e2d', 'ac9f370c-aa43-4c78-b777-3655c2577d0d', '2017-07-24 10:00:32');
insert into login (id, password, resetHash, lastLogin) values (21, '1c9f631f37c06838d794969917dac302275c0e2d', '8e309491-0e35-4af3-adc4-2b62bd109f9e', '2017-09-17 22:31:50');
insert into login (id, password, resetHash, lastLogin) values (22, '1c9f631f37c06838d794969917dac302275c0e2d', 'ab851c82-0f54-46ea-b953-e62c52d97a19', '2017-07-04 06:01:16');
insert into login (id, password, resetHash, lastLogin) values (23, '1c9f631f37c06838d794969917dac302275c0e2d', 'b486c6c9-f9d0-4ab0-9387-540406ee941a', '2017-01-12 02:18:06');
insert into login (id, password, resetHash, lastLogin) values (24, '1c9f631f37c06838d794969917dac302275c0e2d', '62eec6ce-996f-4b01-98e1-93d5928fbd23', '2017-01-31 15:53:16');
insert into login (id, password, resetHash, lastLogin) values (25, '1c9f631f37c06838d794969917dac302275c0e2d', '558f5eac-4439-4b0c-829e-679162338e7e', '2017-02-23 15:08:55');
insert into login (id, password, resetHash, lastLogin) values (26, '1c9f631f37c06838d794969917dac302275c0e2d', '1ecc22d9-caca-4be6-9753-f7ca083763fa', '2017-10-08 12:09:32');
insert into login (id, password, resetHash, lastLogin) values (27, '1c9f631f37c06838d794969917dac302275c0e2d', '64c43a33-8e62-4dc5-860f-deee7f493f4b', '2017-03-25 04:44:57');
insert into login (id, password, resetHash, lastLogin) values (28, '1c9f631f37c06838d794969917dac302275c0e2d', '4d0546d5-fc5d-48df-932b-baeb375c2850', '2017-02-02 09:47:48');
insert into login (id, password, resetHash, lastLogin) values (29, '1c9f631f37c06838d794969917dac302275c0e2d', '2f6fd4bd-1553-4bce-b5ca-a128790b0b25', '2017-09-19 23:45:37');
insert into login (id, password, resetHash, lastLogin) values (30, '1c9f631f37c06838d794969917dac302275c0e2d', '377795fe-005c-4f26-a756-2461e93fea06', '2017-09-28 16:47:33');
insert into login (id, password, resetHash, lastLogin) values (31, '1c9f631f37c06838d794969917dac302275c0e2d', '958084ba-b67b-4622-9792-078c2e1d6a5c', '2017-07-25 04:11:30');
insert into login (id, password, resetHash, lastLogin) values (32, '1c9f631f37c06838d794969917dac302275c0e2d', 'f4137d8a-aebf-44e7-b7df-e0b02e427f61', '2017-04-15 14:47:35');
insert into login (id, password, resetHash, lastLogin) values (33, '1c9f631f37c06838d794969917dac302275c0e2d', '7a676024-d2c1-48a7-85da-0cd26d2c285c', '2017-04-14 08:23:48');
insert into login (id, password, resetHash, lastLogin) values (34, '1c9f631f37c06838d794969917dac302275c0e2d', '81204a87-4635-4b42-b857-0723382af692', '2017-08-07 20:14:58');
insert into login (id, password, resetHash, lastLogin) values (35, '1c9f631f37c06838d794969917dac302275c0e2d', '3679d034-e985-4876-9b82-6d4999a1fa69', '2017-03-18 00:44:46');
insert into login (id, password, resetHash, lastLogin) values (36, '1c9f631f37c06838d794969917dac302275c0e2d', '65fb7538-4c64-4d7b-bb6c-3ad91af5bd7d', '2017-07-23 18:08:32');
insert into login (id, password, resetHash, lastLogin) values (37, '1c9f631f37c06838d794969917dac302275c0e2d', '5d5efa3e-08ef-4887-9718-977362ae77dd', '2016-12-28 21:24:03');
insert into login (id, password, resetHash, lastLogin) values (38, '1c9f631f37c06838d794969917dac302275c0e2d', 'b70ce838-80d4-4fd1-8845-2cc17bcc528f', '2017-10-23 19:54:00');
insert into login (id, password, resetHash, lastLogin) values (39, '1c9f631f37c06838d794969917dac302275c0e2d', '9b182582-0634-4e21-be52-05bbd93d98a4', '2017-06-08 21:24:36');
insert into login (id, password, resetHash, lastLogin) values (40, '1c9f631f37c06838d794969917dac302275c0e2d', '63ad82f3-43a0-40c8-82d4-c8efb1ae54f2', '2017-09-23 14:26:49');
insert into login (id, password, resetHash, lastLogin) values (41, '1c9f631f37c06838d794969917dac302275c0e2d', 'dbb16bdb-f383-43a7-b0e7-fd51352e0b27', '2017-02-23 10:30:37');
insert into login (id, password, resetHash, lastLogin) values (42, '1c9f631f37c06838d794969917dac302275c0e2d', '8bdce173-d01e-44b8-ad93-7829385972f0', '2017-08-02 12:03:17');
insert into login (id, password, resetHash, lastLogin) values (43, '1c9f631f37c06838d794969917dac302275c0e2d', '4e70b1e4-ba54-4db8-915a-5a58c6656f0e', '2017-09-21 05:04:56');
insert into login (id, password, resetHash, lastLogin) values (44, '1c9f631f37c06838d794969917dac302275c0e2d', 'd14589a7-b702-413e-b6d4-491f1034b030', '2017-06-28 15:40:47');
insert into login (id, password, resetHash, lastLogin) values (45, '1c9f631f37c06838d794969917dac302275c0e2d', '9419ce9a-3814-4169-8325-125ad558dbb5', '2016-11-29 17:35:42');
insert into login (id, password, resetHash, lastLogin) values (46, '1c9f631f37c06838d794969917dac302275c0e2d', 'dd56e028-8926-432a-8aa0-20b4e988f47f', '2017-06-28 02:49:15');
insert into login (id, password, resetHash, lastLogin) values (47, '1c9f631f37c06838d794969917dac302275c0e2d', '92de9dce-7963-49ab-9cf8-664c6ab29385', '2017-03-20 17:13:13');
insert into login (id, password, resetHash, lastLogin) values (48, '1c9f631f37c06838d794969917dac302275c0e2d', 'd25c3769-f136-4961-98d7-61468b7af23a', '2017-05-08 11:11:49');
insert into login (id, password, resetHash, lastLogin) values (49, '1c9f631f37c06838d794969917dac302275c0e2d', 'fdef5c5d-118b-42c1-be1a-e462986bd1b2', '2017-10-16 18:56:26');
insert into login (id, password, resetHash, lastLogin) values (50, '1c9f631f37c06838d794969917dac302275c0e2d', '5788c2d7-ea6a-4d76-9a1e-370f905242dd', '2017-06-05 04:09:41');

/* status */
insert into status (id, active, confirmationHash, lastLogin) values (1, false, '8a491aaa-fceb-4b77-978d-8f263d4cf900', '2017-03-23 08:41:24');
insert into status (id, active, confirmationHash, lastLogin) values (2, true, 'c0bddaf5-43b9-4420-b1dc-7f8c3dbe1e57', '2017-06-09 22:46:08');
insert into status (id, active, confirmationHash, lastLogin) values (3, true, '668d5537-c79a-451a-a615-b6e8cf34d5e5', '2016-03-26 00:07:53');
insert into status (id, active, confirmationHash, lastLogin) values (4, false, 'a9d6f47a-f503-4361-b28d-493357b887ea', '2016-11-23 01:37:17');
insert into status (id, active, confirmationHash, lastLogin) values (5, true, '6a5d04cf-1320-454f-80f1-0e939f0f3a42', '2016-10-07 01:34:52');
insert into status (id, active, confirmationHash, lastLogin) values (6, false, 'c7708e66-7ee2-42c9-8f87-e8d54b8de4fa', '2017-06-14 05:38:16');
insert into status (id, active, confirmationHash, lastLogin) values (7, true, '1c05310b-5ec7-4959-8412-25b5f2bed02a', '2017-08-23 23:04:38');
insert into status (id, active, confirmationHash, lastLogin) values (8, false, '0b144020-2321-4bc2-b14a-48492decab43', '2017-09-21 22:46:56');
insert into status (id, active, confirmationHash, lastLogin) values (9, true, '5dec11b7-97de-4f99-b474-7ed5834d2bce', '2017-06-15 07:59:36');
insert into status (id, active, confirmationHash, lastLogin) values (10, true, 'd2ad3272-a62b-4859-8377-d2d43a23e0f4', '2015-12-24 08:38:51');
insert into status (id, active, confirmationHash, lastLogin) values (11, true, '526be6ee-f317-4af7-922e-3659f2a4c1f4', '2017-07-05 23:51:28');
insert into status (id, active, confirmationHash, lastLogin) values (12, false, '58dfd3e6-36c5-4fc0-b6e4-f810cdf832a7', '2016-04-04 03:42:39');
insert into status (id, active, confirmationHash, lastLogin) values (13, true, 'ef7c4987-d1e7-46a3-be3e-3b6b21f34b7b', '2017-03-12 18:06:36');
insert into status (id, active, confirmationHash, lastLogin) values (14, true, 'f86cb20e-7cb5-48af-88d7-d45bd2dfe998', '2016-12-29 19:01:07');
insert into status (id, active, confirmationHash, lastLogin) values (15, false, '1044ae08-8793-4c72-b29e-f086765dd9b7', '2017-11-02 23:43:39');
insert into status (id, active, confirmationHash, lastLogin) values (16, false, 'c3883981-6296-42cb-9585-e93d7da04d70', '2016-04-25 22:25:05');
insert into status (id, active, confirmationHash, lastLogin) values (17, false, 'b98d846b-80c9-4006-889a-52ae48710992', '2016-04-30 19:20:39');
insert into status (id, active, confirmationHash, lastLogin) values (18, true, '56108513-769e-48e1-8411-8ab01f03f3ff', '2016-04-24 04:58:18');
insert into status (id, active, confirmationHash, lastLogin) values (19, false, '7ffc855d-0384-41c0-ab0c-98d898291277', '2016-05-25 08:10:02');
insert into status (id, active, confirmationHash, lastLogin) values (20, false, '572a2be4-3b08-4433-8a6e-b8ad61252756', '2016-02-29 17:10:11');
insert into status (id, active, confirmationHash, lastLogin) values (21, false, '4e4c0024-f283-40f7-8052-42fe9b516410', '2016-01-05 01:22:00');
insert into status (id, active, confirmationHash, lastLogin) values (22, false, '1fde8386-6100-4533-bee9-c64f3cc43294', '2016-08-25 10:26:28');
insert into status (id, active, confirmationHash, lastLogin) values (23, false, '2c256dea-faf7-4a12-91f8-303117e395e3', '2017-02-09 02:31:21');
insert into status (id, active, confirmationHash, lastLogin) values (24, true, '37ca0944-2874-495e-9d65-94e496867ff5', '2016-04-14 13:25:24');
insert into status (id, active, confirmationHash, lastLogin) values (25, true, '175b829e-3261-419c-86c1-fb5500204d51', '2016-08-29 07:55:43');
insert into status (id, active, confirmationHash, lastLogin) values (26, true, '20630ee0-a41f-46e6-b876-cefbc16862a2', '2016-04-18 00:01:51');
insert into status (id, active, confirmationHash, lastLogin) values (27, false, '1a821755-f3a8-42b6-b60e-bf0ea0e1db1c', '2017-05-10 11:19:53');
insert into status (id, active, confirmationHash, lastLogin) values (28, false, '856a3384-4328-4007-8a81-929a0771b24c', '2017-07-10 19:10:13');
insert into status (id, active, confirmationHash, lastLogin) values (29, false, '6e6b7162-a988-49bf-a3ef-27d847df6e3f', '2017-07-14 02:03:11');
insert into status (id, active, confirmationHash, lastLogin) values (30, false, '51cf4842-fdf4-4eec-814f-9a6c304c3e11', '2017-02-25 08:44:24');
insert into status (id, active, confirmationHash, lastLogin) values (31, false, '29462541-1bf2-4f86-ad97-aee97d9b62eb', '2015-12-14 18:50:20');
insert into status (id, active, confirmationHash, lastLogin) values (32, false, 'f436330b-0650-4610-8847-d23bf7efe5f6', '2015-10-05 08:42:39');
insert into status (id, active, confirmationHash, lastLogin) values (33, false, '8519459b-1455-4ee1-8231-2a434836b782', '2017-09-07 20:31:14');
insert into status (id, active, confirmationHash, lastLogin) values (34, false, 'f2da9d71-e75d-4974-afe9-def7845edea0', '2017-03-04 14:57:35');
insert into status (id, active, confirmationHash, lastLogin) values (35, true, '1030223c-827b-48a6-af28-119048b7b499', '2017-05-29 15:32:43');
insert into status (id, active, confirmationHash, lastLogin) values (36, true, '667f3957-1659-417b-a0e7-3066797c7385', '2016-11-22 00:50:02');
insert into status (id, active, confirmationHash, lastLogin) values (37, true, '789c4a0f-43a0-4c8a-a990-05e993a26daa', '2016-02-24 18:53:48');
insert into status (id, active, confirmationHash, lastLogin) values (38, false, '7cd1538f-31c0-4f12-a842-d8c644de2d38', '2017-08-27 11:55:18');
insert into status (id, active, confirmationHash, lastLogin) values (39, false, '412b4522-d7ba-47ad-8bfb-ae535b18791f', '2017-04-01 13:19:46');
insert into status (id, active, confirmationHash, lastLogin) values (40, false, 'bb9ab9b6-2070-4a55-80a9-cf85cb7747af', '2016-11-28 01:00:01');
insert into status (id, active, confirmationHash, lastLogin) values (41, true, '28304697-2362-4338-90cf-087edf01ce52', '2017-05-28 17:45:23');
insert into status (id, active, confirmationHash, lastLogin) values (42, false, '25f565df-036c-44e9-9ed0-db4b619dc139', '2016-03-20 14:27:33');
insert into status (id, active, confirmationHash, lastLogin) values (43, true, 'b65d93b9-6844-4f60-884d-3db70ae3b586', '2017-01-22 02:20:43');
insert into status (id, active, confirmationHash, lastLogin) values (44, true, '3e626a5b-a7c4-468e-aaab-431efb8539cf', '2015-10-24 02:06:13');
insert into status (id, active, confirmationHash, lastLogin) values (45, true, 'f89d947f-7015-4c2f-9424-9597192e5279', '2016-11-08 15:21:35');
insert into status (id, active, confirmationHash, lastLogin) values (46, false, 'c3d7d5ab-6820-44e5-9a09-aee55d70d572', '2017-08-06 06:18:36');
insert into status (id, active, confirmationHash, lastLogin) values (47, true, '99368124-d071-415b-9af3-826f842ce7bb', '2016-11-05 16:17:00');
insert into status (id, active, confirmationHash, lastLogin) values (48, true, '5d80f399-2914-42dd-9bbf-a3352aec80c1', '2017-04-15 17:00:05');
insert into status (id, active, confirmationHash, lastLogin) values (49, true, '87f9b653-0bb5-4041-ac23-51e9992f7c10', '2016-01-18 00:10:24');
insert into status (id, active, confirmationHash, lastLogin) values (50, false, 'cd498fbc-690d-4172-aa85-efcf12389c0a', '2017-01-01 15:44:13');

/* category */
insert into category (categoryId, categoryName) values (1, 'Multi-layered');
insert into category (categoryId, categoryName) values (2, 'heuristic');
insert into category (categoryId, categoryName) values (3, 'Diverse');
insert into category (categoryId, categoryName) values (4, 'Triple-buffered');
insert into category (categoryId, categoryName) values (5, 'software');
insert into category (categoryId, categoryName) values (6, 'eco-centric');
insert into category (categoryId, categoryName) values (7, 'full-range');
insert into category (categoryId, categoryName) values (8, 'structure');
insert into category (categoryId, categoryName) values (9, 'Distributed');
insert into category (categoryId, categoryName) values (10, 'initiative');
insert into category (categoryId, categoryName) values (11, 'Assimilated');
insert into category (categoryId, categoryName) values (12, 'Reactive');
insert into category (categoryId, categoryName) values (13, 'Inverse');
insert into category (categoryId, categoryName) values (14, 'executive');
insert into category (categoryId, categoryName) values (15, 'holistic');

/* memberPreference */
insert into memberPreference (memberId, categoryId, isPreferred) values (10, 14, true);
insert into memberPreference (memberId, categoryId, isPreferred) values (48, 2, false);
insert into memberPreference (memberId, categoryId, isPreferred) values (27, 14, false);
insert into memberPreference (memberId, categoryId, isPreferred) values (9, 10, false);
insert into memberPreference (memberId, categoryId, isPreferred) values (1, 5, false);
insert into memberPreference (memberId, categoryId, isPreferred) values (35, 9, true);
insert into memberPreference (memberId, categoryId, isPreferred) values (49, 2, true);
insert into memberPreference (memberId, categoryId, isPreferred) values (22, 11, false);
insert into memberPreference (memberId, categoryId, isPreferred) values (13, 9, false);
insert into memberPreference (memberId, categoryId, isPreferred) values (34, 1, false);
insert into memberPreference (memberId, categoryId, isPreferred) values (3, 8, true);
insert into memberPreference (memberId, categoryId, isPreferred) values (43, 10, false);
insert into memberPreference (memberId, categoryId, isPreferred) values (21, 6, false);
insert into memberPreference (memberId, categoryId, isPreferred) values (40, 7, false);
insert into memberPreference (memberId, categoryId, isPreferred) values (32, 12, true);
insert into memberPreference (memberId, categoryId, isPreferred) values (25, 15, true);
insert into memberPreference (memberId, categoryId, isPreferred) values (45, 6, false);
insert into memberPreference (memberId, categoryId, isPreferred) values (48, 12, false);
insert into memberPreference (memberId, categoryId, isPreferred) values (5, 14, false);
insert into memberPreference (memberId, categoryId, isPreferred) values (35, 7, false);
insert into memberPreference (memberId, categoryId, isPreferred) values (17, 4, false);
insert into memberPreference (memberId, categoryId, isPreferred) values (34, 12, false);
insert into memberPreference (memberId, categoryId, isPreferred) values (39, 1, false);
insert into memberPreference (memberId, categoryId, isPreferred) values (46, 11, false);
insert into memberPreference (memberId, categoryId, isPreferred) values (35, 10, false);
insert into memberPreference (memberId, categoryId, isPreferred) values (16, 6, false);
insert into memberPreference (memberId, categoryId, isPreferred) values (43, 5, false);
insert into memberPreference (memberId, categoryId, isPreferred) values (16, 6, false);
insert into memberPreference (memberId, categoryId, isPreferred) values (13, 7, true);
insert into memberPreference (memberId, categoryId, isPreferred) values (44, 1, true);
insert into memberPreference (memberId, categoryId, isPreferred) values (14, 7, false);
insert into memberPreference (memberId, categoryId, isPreferred) values (4, 1, false);
insert into memberPreference (memberId, categoryId, isPreferred) values (48, 8, true);
insert into memberPreference (memberId, categoryId, isPreferred) values (8, 10, true);
insert into memberPreference (memberId, categoryId, isPreferred) values (38, 1, false);
insert into memberPreference (memberId, categoryId, isPreferred) values (27, 11, false);
insert into memberPreference (memberId, categoryId, isPreferred) values (3, 1, false);
insert into memberPreference (memberId, categoryId, isPreferred) values (34, 14, true);
insert into memberPreference (memberId, categoryId, isPreferred) values (20, 5, false);
insert into memberPreference (memberId, categoryId, isPreferred) values (12, 6, true);
insert into memberPreference (memberId, categoryId, isPreferred) values (47, 8, false);
insert into memberPreference (memberId, categoryId, isPreferred) values (5, 9, false);
insert into memberPreference (memberId, categoryId, isPreferred) values (30, 4, true);
insert into memberPreference (memberId, categoryId, isPreferred) values (47, 15, true);
insert into memberPreference (memberId, categoryId, isPreferred) values (45, 1, false);
insert into memberPreference (memberId, categoryId, isPreferred) values (2, 9, false);
insert into memberPreference (memberId, categoryId, isPreferred) values (42, 2, true);
insert into memberPreference (memberId, categoryId, isPreferred) values (27, 1, true);
insert into memberPreference (memberId, categoryId, isPreferred) values (26, 2, true);
insert into memberPreference (memberId, categoryId, isPreferred) values (25, 8, false);

/* event */
insert into event (eventId, eventName, description, eventBriteLink) values (1, 'Precious', 'Multi-lateral coherent circuit', '21.12.186.133');
insert into event (eventId, eventName, description, eventBriteLink) values (2, 'Last Days of Mussolini (Mussolini: Ultimo atto)', 'Proactive discrete leverage', '22.140.33.141');
insert into event (eventId, eventName, description, eventBriteLink) values (3, 'First Shot', 'Stand-alone responsive core', '96.186.214.229');
insert into event (eventId, eventName, description, eventBriteLink) values (4, 'Heathcliff: The Movie', 'Optional encompassing customer loyalty', '192.83.91.4');
insert into event (eventId, eventName, description, eventBriteLink) values (5, 'Black Dog', 'Integrated directional structure', '220.168.244.183');
insert into event (eventId, eventName, description, eventBriteLink) values (6, 'Goodfellas', 'Extended zero tolerance hardware', '125.189.116.128');
insert into event (eventId, eventName, description, eventBriteLink) values (7, 'Family Law (Derecho de familia)', 'Focused client-driven toolset', '231.180.253.48');
insert into event (eventId, eventName, description, eventBriteLink) values (8, 'The Fifth Season', 'Phased bifurcated artificial intelligence', '154.164.136.222');
insert into event (eventId, eventName, description, eventBriteLink) values (9, 'I Want to Look Like That Guy', 'Synergized next generation migration', '197.25.77.111');
insert into event (eventId, eventName, description, eventBriteLink) values (10, 'Films to Keep You Awake: The Baby''s Room (Pelculas para no dormir: La habitacin del nio)', 'Customer-focused attitude-oriented local area network', '123.62.196.86');
insert into event (eventId, eventName, description, eventBriteLink) values (11, 'Invincible Iron Man, The', 'Front-line systematic parallelism', '97.112.28.221');
insert into event (eventId, eventName, description, eventBriteLink) values (12, 'Lesson Plan ', 'Adaptive grid-enabled local area network', '0.24.5.182');
insert into event (eventId, eventName, description, eventBriteLink) values (13, 'Patriot, The', 'Operative bi-directional extranet', '9.246.58.10');
insert into event (eventId, eventName, description, eventBriteLink) values (14, 'Debutantes, Los', 'Function-based leading edge neural-net', '209.85.221.10');
insert into event (eventId, eventName, description, eventBriteLink) values (15, 'Good Night, The', 'Synergistic 24 hour leverage', '66.171.14.38');
insert into event (eventId, eventName, description, eventBriteLink) values (16, 'Meet the Fockers', 'Mandatory full-range analyzer', '17.25.242.177');
insert into event (eventId, eventName, description, eventBriteLink) values (17, 'Blue Kite, The (Lan feng zheng)', 'User-friendly didactic budgetary management', '162.33.172.18');
insert into event (eventId, eventName, description, eventBriteLink) values (18, 'Golden Door (Nuovomondo)', 'Focused optimal portal', '115.140.8.179');
insert into event (eventId, eventName, description, eventBriteLink) values (19, 'Film About a Woman Who...', 'Synergistic analyzing projection', '144.72.79.186');
insert into event (eventId, eventName, description, eventBriteLink) values (20, 'Alyce Kills', 'Exclusive value-added support', '142.78.120.127');
insert into event (eventId, eventName, description, eventBriteLink) values (21, 'Waking Madison ', 'Synergized homogeneous data-warehouse', '216.205.153.172');
insert into event (eventId, eventName, description, eventBriteLink) values (22, 'Terminal Man, The', 'Enhanced homogeneous knowledge base', '35.48.45.249');
insert into event (eventId, eventName, description, eventBriteLink) values (23, 'Sound of Fury, The', 'De-engineered static extranet', '253.175.69.65');
insert into event (eventId, eventName, description, eventBriteLink) values (24, 'Big Blue, The (Grand bleu, Le)', 'Open-source 5th generation architecture', '56.248.122.163');
insert into event (eventId, eventName, description, eventBriteLink) values (25, 'Brother Bear 2', 'Proactive 6th generation task-force', '100.162.179.195');
insert into event (eventId, eventName, description, eventBriteLink) values (26, 'After Fall, Winter', 'Progressive system-worthy model', '16.61.57.91');
insert into event (eventId, eventName, description, eventBriteLink) values (27, 'Undead', 'Fully-configurable intermediate intranet', '208.168.66.72');
insert into event (eventId, eventName, description, eventBriteLink) values (28, 'Vampires Suck', 'Digitized dynamic support', '124.27.184.1');
insert into event (eventId, eventName, description, eventBriteLink) values (29, 'Hart of London, The', 'Distributed fault-tolerant orchestration', '221.1.237.246');
insert into event (eventId, eventName, description, eventBriteLink) values (30, 'Silent Night, Deadly Night 5: The Toy Maker', 'User-centric 3rd generation access', '50.234.128.81');
insert into event (eventId, eventName, description, eventBriteLink) values (31, 'In the City of Sylvia (En la ciudad de Sylvia)', 'Triple-buffered explicit protocol', '151.198.227.121');
insert into event (eventId, eventName, description, eventBriteLink) values (32, 'No One Lives', 'Advanced dynamic open system', '17.254.224.4');
insert into event (eventId, eventName, description, eventBriteLink) values (33, 'High School High', 'Mandatory disintermediate migration', '25.226.165.148');
insert into event (eventId, eventName, description, eventBriteLink) values (34, 'Honey, I Blew Up the Kid', 'Face to face mobile secured line', '206.61.173.79');
insert into event (eventId, eventName, description, eventBriteLink) values (35, 'Footprints on the Moon (Le orme) (Primal Impulse)', 'Optimized human-resource intranet', '17.165.168.253');
insert into event (eventId, eventName, description, eventBriteLink) values (36, 'Mod Squad, The', 'Reduced local conglomeration', '139.245.8.115');
insert into event (eventId, eventName, description, eventBriteLink) values (37, 'In This World', 'Open-source next generation middleware', '242.154.171.68');
insert into event (eventId, eventName, description, eventBriteLink) values (38, 'Patch of Blue, A', 'Devolved web-enabled protocol', '189.239.108.246');
insert into event (eventId, eventName, description, eventBriteLink) values (39, 'Pan Tadeusz: The Last Foray in Lithuania (Pan Tadeusz)', 'Object-based impactful help-desk', '87.69.164.93');
insert into event (eventId, eventName, description, eventBriteLink) values (40, 'Dinner Guest, The (L''invit)', 'Face to face 24 hour service-desk', '54.128.238.0');
insert into event (eventId, eventName, description, eventBriteLink) values (41, 'Saving God', 'User-friendly composite concept', '181.45.162.56');
insert into event (eventId, eventName, description, eventBriteLink) values (42, 'Drunken Angel (Yoidore tenshi)', 'Front-line disintermediate functionalities', '162.140.157.115');
insert into event (eventId, eventName, description, eventBriteLink) values (43, 'Counsellor at Law', 'De-engineered systematic open architecture', '40.142.119.48');
insert into event (eventId, eventName, description, eventBriteLink) values (44, 'Corruption (a.k.a. Carnage)', 'Upgradable optimal solution', '166.207.3.232');
insert into event (eventId, eventName, description, eventBriteLink) values (45, 'Blue Streak', 'Switchable static neural-net', '159.162.108.210');
insert into event (eventId, eventName, description, eventBriteLink) values (46, 'Love Hina Spring Special', 'Function-based logistical access', '112.6.96.97');
insert into event (eventId, eventName, description, eventBriteLink) values (47, 'Nicky''s Family', 'Ameliorated radical model', '112.103.155.252');
insert into event (eventId, eventName, description, eventBriteLink) values (48, 'Too Early, Too Late (Trop tt, trop tard)', 'Enhanced context-sensitive help-desk', '48.83.213.114');
insert into event (eventId, eventName, description, eventBriteLink) values (49, 'Hunger Games, The', 'Team-oriented bottom-line intranet', '184.177.225.162');
insert into event (eventId, eventName, description, eventBriteLink) values (50, 'Electrick Children', 'Stand-alone local array', '163.26.248.255');
insert into event (eventId, eventName, description, eventBriteLink) values (51, 'Bullet to the Head', 'Fundamental analyzing strategy', '212.158.41.123');
insert into event (eventId, eventName, description, eventBriteLink) values (52, 'Wild Things', 'Fundamental upward-trending functionalities', '75.205.37.66');
insert into event (eventId, eventName, description, eventBriteLink) values (53, 'Crank: High Voltage', 'Streamlined web-enabled functionalities', '243.134.46.163');
insert into event (eventId, eventName, description, eventBriteLink) values (54, 'Small Town Murder Songs', 'Balanced actuating moderator', '156.230.92.244');
insert into event (eventId, eventName, description, eventBriteLink) values (55, 'Source, The', 'Adaptive clear-thinking structure', '106.21.161.195');
insert into event (eventId, eventName, description, eventBriteLink) values (56, 'Lion King II: Simba''s Pride, The', 'Face to face dynamic website', '239.212.225.69');
insert into event (eventId, eventName, description, eventBriteLink) values (57, 'Black Roses ', 'Synergistic foreground installation', '227.74.133.2');
insert into event (eventId, eventName, description, eventBriteLink) values (58, 'Blubberella', 'Triple-buffered global project', '152.86.116.54');
insert into event (eventId, eventName, description, eventBriteLink) values (59, 'Maniacts', 'Digitized mobile implementation', '151.66.106.215');
insert into event (eventId, eventName, description, eventBriteLink) values (60, 'Silja - nuorena nukkunut', 'Networked homogeneous matrix', '69.225.26.72');
insert into event (eventId, eventName, description, eventBriteLink) values (61, 'All About the Benjamins', 'Visionary bottom-line definition', '102.194.241.18');
insert into event (eventId, eventName, description, eventBriteLink) values (62, 'Princess', 'Mandatory eco-centric monitoring', '94.170.209.136');
insert into event (eventId, eventName, description, eventBriteLink) values (63, 'Chronicle', 'Intuitive real-time moderator', '135.65.46.27');
insert into event (eventId, eventName, description, eventBriteLink) values (64, 'Melissa P.', 'Up-sized impactful complexity', '236.167.237.202');
insert into event (eventId, eventName, description, eventBriteLink) values (65, 'Darkman', 'Enhanced homogeneous help-desk', '160.109.22.119');
insert into event (eventId, eventName, description, eventBriteLink) values (66, 'Queen of the Amazons', 'Vision-oriented global infrastructure', '17.8.88.122');
insert into event (eventId, eventName, description, eventBriteLink) values (67, 'Gloria', 'Enhanced encompassing function', '136.132.228.23');
insert into event (eventId, eventName, description, eventBriteLink) values (68, 'Living Will...', 'Multi-lateral executive hub', '169.5.124.88');
insert into event (eventId, eventName, description, eventBriteLink) values (69, 'Andalusian Dog, An (Chien andalou, Un)', 'De-engineered bifurcated product', '87.211.65.90');
insert into event (eventId, eventName, description, eventBriteLink) values (70, 'No Place to Hide', 'Pre-emptive empowering success', '176.153.137.85');
insert into event (eventId, eventName, description, eventBriteLink) values (71, 'Sune p bilsemester', 'Cross-platform methodical throughput', '189.143.93.29');
insert into event (eventId, eventName, description, eventBriteLink) values (72, 'Best of Times, The', 'Organic demand-driven infrastructure', '95.6.82.122');
insert into event (eventId, eventName, description, eventBriteLink) values (73, 'Missing William', 'Cross-group global architecture', '83.4.249.67');
insert into event (eventId, eventName, description, eventBriteLink) values (74, 'Undisputed III: Redemption', 'Digitized tertiary approach', '27.24.22.176');
insert into event (eventId, eventName, description, eventBriteLink) values (75, 'Truth, The ', 'Function-based value-added capacity', '12.75.17.83');
insert into event (eventId, eventName, description, eventBriteLink) values (76, 'Ironclad 2: Battle for Blood', 'Integrated analyzing instruction set', '103.95.7.161');
insert into event (eventId, eventName, description, eventBriteLink) values (77, 'Nom de code : Rose', 'Profit-focused 5th generation toolset', '153.121.143.191');
insert into event (eventId, eventName, description, eventBriteLink) values (78, 'Taxi for Tobruk', 'Proactive uniform collaboration', '48.192.76.41');
insert into event (eventId, eventName, description, eventBriteLink) values (79, 'Where in the World Is Osama Bin Laden?', 'Persevering bifurcated pricing structure', '26.71.112.128');
insert into event (eventId, eventName, description, eventBriteLink) values (80, 'After Hours', 'Upgradable local architecture', '6.34.209.235');
insert into event (eventId, eventName, description, eventBriteLink) values (81, 'Kicking & Screaming', 'Exclusive maximized access', '102.132.50.120');
insert into event (eventId, eventName, description, eventBriteLink) values (82, 'Camille Claudel 1915', 'Digitized zero tolerance pricing structure', '169.116.32.125');
insert into event (eventId, eventName, description, eventBriteLink) values (83, 'Distant Drums', 'Managed bifurcated synergy', '220.124.242.92');
insert into event (eventId, eventName, description, eventBriteLink) values (84, 'Body of War', 'Secured 4th generation access', '253.234.216.83');
insert into event (eventId, eventName, description, eventBriteLink) values (85, 'American Dreamz', 'Upgradable zero administration archive', '0.22.169.107');
insert into event (eventId, eventName, description, eventBriteLink) values (86, 'Flow', 'Upgradable 3rd generation knowledge user', '232.119.62.69');
insert into event (eventId, eventName, description, eventBriteLink) values (87, 'Love in Another Language (Baska Dilde Ask)', 'Operative 5th generation analyzer', '83.175.141.188');
insert into event (eventId, eventName, description, eventBriteLink) values (88, 'Jungle Book', 'Phased zero tolerance monitoring', '196.108.31.92');
insert into event (eventId, eventName, description, eventBriteLink) values (89, 'Outskirts (Okraina)', 'Open-source logistical definition', '216.153.182.211');
insert into event (eventId, eventName, description, eventBriteLink) values (90, 'Number Seventeen (a.k.a. Number 17)', 'Quality-focused multi-state instruction set', '99.243.83.165');
insert into event (eventId, eventName, description, eventBriteLink) values (91, 'Equinox', 'Progressive bottom-line Graphical User Interface', '4.226.46.44');
insert into event (eventId, eventName, description, eventBriteLink) values (92, 'World Trade Center', 'Ameliorated analyzing alliance', '98.47.21.44');
insert into event (eventId, eventName, description, eventBriteLink) values (93, 'Religulous', 'Organic grid-enabled orchestration', '211.196.254.173');
insert into event (eventId, eventName, description, eventBriteLink) values (94, 'Inside Daisy Clover', 'Face to face cohesive policy', '62.170.183.12');
insert into event (eventId, eventName, description, eventBriteLink) values (95, 'Feiern', 'Multi-tiered scalable hierarchy', '49.48.164.224');
insert into event (eventId, eventName, description, eventBriteLink) values (96, 'Rabbit', 'Automated explicit parallelism', '88.87.63.217');
insert into event (eventId, eventName, description, eventBriteLink) values (97, 'Turbo', 'Adaptive client-server orchestration', '92.19.181.143');
insert into event (eventId, eventName, description, eventBriteLink) values (98, 'Kink', 'Realigned national data-warehouse', '27.89.97.236');
insert into event (eventId, eventName, description, eventBriteLink) values (99, 'Woman of Paris, A', 'Optional impactful toolset', '230.216.42.123');
insert into event (eventId, eventName, description, eventBriteLink) values (100, 'Room, The', 'Stand-alone motivating parallelism', '250.114.11.173');
insert into event (eventId, eventName, description, eventBriteLink) values (101, 'In a Town This Size', 'Centralized bandwidth-monitored budgetary management', '202.119.225.16');
insert into event (eventId, eventName, description, eventBriteLink) values (102, 'Insider, The', 'Inverse intangible encoding', '158.177.161.25');
insert into event (eventId, eventName, description, eventBriteLink) values (103, '35 Shots of Rum (35 rhums)', 'Optional secondary algorithm', '191.133.199.249');
insert into event (eventId, eventName, description, eventBriteLink) values (104, 'What''s Up, Doc?', 'Multi-channelled motivating flexibility', '194.101.116.198');
insert into event (eventId, eventName, description, eventBriteLink) values (105, 'Creep', 'Decentralized contextually-based portal', '177.56.216.80');
insert into event (eventId, eventName, description, eventBriteLink) values (106, 'Anchors Aweigh', 'User-friendly system-worthy open system', '185.119.92.193');
insert into event (eventId, eventName, description, eventBriteLink) values (107, 'Train', 'Polarised leading edge info-mediaries', '120.223.134.137');
insert into event (eventId, eventName, description, eventBriteLink) values (108, 'Brief Vacation, A (breve vacanza, Una)', 'Focused 6th generation alliance', '161.70.255.96');
insert into event (eventId, eventName, description, eventBriteLink) values (109, 'Sapphires, The', 'Configurable full-range frame', '135.195.74.127');
insert into event (eventId, eventName, description, eventBriteLink) values (110, 'Decoy Bride, The', 'Face to face responsive customer loyalty', '103.157.55.12');
insert into event (eventId, eventName, description, eventBriteLink) values (111, 'Saving Shiloh', 'Decentralized transitional ability', '27.69.62.11');
insert into event (eventId, eventName, description, eventBriteLink) values (112, 'The Valley of Gwangi', 'Advanced cohesive intranet', '2.39.193.111');
insert into event (eventId, eventName, description, eventBriteLink) values (113, 'Killings at Outpost Zeta, The', 'Streamlined non-volatile info-mediaries', '5.30.1.137');
insert into event (eventId, eventName, description, eventBriteLink) values (114, 'Men, Women & Children', 'Operative optimal functionalities', '72.97.179.126');
insert into event (eventId, eventName, description, eventBriteLink) values (115, 'Last Circus, The (Balada triste de trompeta) (Sad Trumpet Ballad, A)', 'Right-sized eco-centric knowledge user', '219.143.156.115');
insert into event (eventId, eventName, description, eventBriteLink) values (116, 'Hot Spot, The', 'Reverse-engineered interactive policy', '141.34.106.141');
insert into event (eventId, eventName, description, eventBriteLink) values (117, 'Sandor slash Ida', 'Multi-channelled modular open system', '195.228.159.216');
insert into event (eventId, eventName, description, eventBriteLink) values (118, 'Wolf', 'Virtual methodical throughput', '57.161.111.129');
insert into event (eventId, eventName, description, eventBriteLink) values (119, 'For My Father (Sof Shavua B''Tel Aviv)', 'Fundamental reciprocal hardware', '234.118.51.44');
insert into event (eventId, eventName, description, eventBriteLink) values (120, 'Merry War, A', 'Total neutral archive', '200.10.86.83');
insert into event (eventId, eventName, description, eventBriteLink) values (121, 'Tillbaka till Bromma', 'Realigned executive capacity', '102.153.99.136');
insert into event (eventId, eventName, description, eventBriteLink) values (122, 'Compliance', 'Programmable web-enabled toolset', '46.151.17.133');
insert into event (eventId, eventName, description, eventBriteLink) values (123, 'Jill the Ripper (Jill Rips)', 'Customizable executive orchestration', '184.195.91.22');
insert into event (eventId, eventName, description, eventBriteLink) values (124, 'Rain Over Santiago (Il pleut sur Santiago)', 'Visionary explicit initiative', '228.21.202.224');
insert into event (eventId, eventName, description, eventBriteLink) values (125, 'Pride of the Yankees, The', 'Monitored systematic capacity', '43.155.28.58');
insert into event (eventId, eventName, description, eventBriteLink) values (126, 'Way Out West', 'Re-contextualized system-worthy core', '146.0.232.145');
insert into event (eventId, eventName, description, eventBriteLink) values (127, 'Miami Connection', 'Organized tangible hierarchy', '176.55.107.174');
insert into event (eventId, eventName, description, eventBriteLink) values (128, 'Kolberg', 'Open-source multi-state middleware', '160.9.141.24');
insert into event (eventId, eventName, description, eventBriteLink) values (129, 'Killing Room, The', 'Focused multimedia definition', '24.59.126.159');
insert into event (eventId, eventName, description, eventBriteLink) values (130, 'Treasure of the Yankee Zephyr (Race for the Yankee Zephyr)', 'Centralized web-enabled encoding', '197.68.181.178');
insert into event (eventId, eventName, description, eventBriteLink) values (131, 'Oyster Farmer', 'Total methodical alliance', '241.177.146.122');
insert into event (eventId, eventName, description, eventBriteLink) values (132, 'Red Hook Summer', 'Persistent grid-enabled encryption', '20.176.45.140');
insert into event (eventId, eventName, description, eventBriteLink) values (133, 'City of Fear', 'Devolved bandwidth-monitored adapter', '21.103.115.177');
insert into event (eventId, eventName, description, eventBriteLink) values (134, 'Losing Isaiah', 'Digitized holistic website', '25.52.196.81');
insert into event (eventId, eventName, description, eventBriteLink) values (135, 'Way Out West', 'Synergized web-enabled function', '104.192.178.101');
insert into event (eventId, eventName, description, eventBriteLink) values (136, 'Tomorrow, the World!', 'Enterprise-wide even-keeled concept', '228.34.12.104');
insert into event (eventId, eventName, description, eventBriteLink) values (137, 'Soldier Blue', 'Cross-platform context-sensitive functionalities', '210.137.114.224');
insert into event (eventId, eventName, description, eventBriteLink) values (138, 'Under Suspicion', 'Synergistic web-enabled open system', '13.189.84.90');
insert into event (eventId, eventName, description, eventBriteLink) values (139, 'Stille Nacht I: Dramolet', 'Future-proofed non-volatile artificial intelligence', '129.130.228.234');
insert into event (eventId, eventName, description, eventBriteLink) values (140, 'Not as a Stranger', 'Enterprise-wide logistical protocol', '175.135.220.110');
insert into event (eventId, eventName, description, eventBriteLink) values (141, 'Solo ', 'Self-enabling discrete budgetary management', '40.43.228.240');
insert into event (eventId, eventName, description, eventBriteLink) values (142, 'Run of the Country, The', 'Multi-channelled radical capability', '58.55.26.244');
insert into event (eventId, eventName, description, eventBriteLink) values (143, 'Xiu Xiu: The Sent-Down Girl (Tian yu)', 'Digitized scalable pricing structure', '71.19.134.167');
insert into event (eventId, eventName, description, eventBriteLink) values (144, 'General Died at Dawn, The', 'Distributed fresh-thinking forecast', '227.111.254.34');
insert into event (eventId, eventName, description, eventBriteLink) values (145, 'Raven, The', 'Pre-emptive web-enabled help-desk', '172.226.124.250');
insert into event (eventId, eventName, description, eventBriteLink) values (146, 'Stanley Kubrick: A Life in Pictures', 'Multi-layered intangible customer loyalty', '161.91.219.149');
insert into event (eventId, eventName, description, eventBriteLink) values (147, 'Protector, The (a.k.a. Warrior King) (Tom yum goong)', 'Virtual attitude-oriented algorithm', '0.7.24.21');
insert into event (eventId, eventName, description, eventBriteLink) values (148, 'Ultramarathon Man: 50 Marathons, 50 States, 50 Days', 'Seamless transitional encoding', '191.40.163.255');
insert into event (eventId, eventName, description, eventBriteLink) values (149, 'Devour', 'Innovative multi-state Graphical User Interface', '219.124.137.218');
insert into event (eventId, eventName, description, eventBriteLink) values (150, 'Caddyshack II', 'Inverse modular contingency', '173.60.67.77');
insert into event (eventId, eventName, description, eventBriteLink) values (151, 'Down by Law', 'Seamless stable attitude', '8.221.61.246');
insert into event (eventId, eventName, description, eventBriteLink) values (152, 'Black Hawk Down', 'Monitored asymmetric process improvement', '183.47.138.234');
insert into event (eventId, eventName, description, eventBriteLink) values (153, 'The Encounter', 'Ameliorated national Graphical User Interface', '33.233.188.16');
insert into event (eventId, eventName, description, eventBriteLink) values (154, 'The Missionaries', 'Enterprise-wide local methodology', '199.240.61.49');
insert into event (eventId, eventName, description, eventBriteLink) values (155, '2009: Lost Memories', 'Ergonomic executive benchmark', '112.111.53.223');
insert into event (eventId, eventName, description, eventBriteLink) values (156, 'Hollywood Knights, The', 'Organized dynamic productivity', '1.205.192.201');
insert into event (eventId, eventName, description, eventBriteLink) values (157, 'Theodore Rex', 'Decentralized multi-state focus group', '196.52.223.93');
insert into event (eventId, eventName, description, eventBriteLink) values (158, 'Trilogy of Terror II', 'Object-based analyzing software', '62.57.235.0');
insert into event (eventId, eventName, description, eventBriteLink) values (159, 'Highlander II: The Quickening', 'Reverse-engineered mission-critical workforce', '161.236.206.223');
insert into event (eventId, eventName, description, eventBriteLink) values (160, 'Long Voyage Home, The', 'Exclusive background product', '121.236.210.166');
insert into event (eventId, eventName, description, eventBriteLink) values (161, 'Shock Waves', 'Robust bifurcated benchmark', '115.13.110.94');
insert into event (eventId, eventName, description, eventBriteLink) values (162, 'Love is God', 'Compatible multi-state workforce', '212.52.44.123');
insert into event (eventId, eventName, description, eventBriteLink) values (163, 'Grifters, The', 'Fully-configurable clear-thinking implementation', '50.106.61.197');
insert into event (eventId, eventName, description, eventBriteLink) values (164, 'Letter, The', 'Distributed national groupware', '35.96.190.113');
insert into event (eventId, eventName, description, eventBriteLink) values (165, 'Gus', 'De-engineered discrete moratorium', '178.226.240.204');
insert into event (eventId, eventName, description, eventBriteLink) values (166, 'Swastika', 'De-engineered fresh-thinking intranet', '30.176.83.34');
insert into event (eventId, eventName, description, eventBriteLink) values (167, 'Wild Child, The (Enfant sauvage, L'')', 'Multi-layered intermediate orchestration', '227.215.167.115');
insert into event (eventId, eventName, description, eventBriteLink) values (168, 'Looker', 'Profit-focused exuding process improvement', '212.114.213.61');
insert into event (eventId, eventName, description, eventBriteLink) values (169, 'With Great Power: The Stan Lee Story', 'Down-sized high-level superstructure', '243.194.82.29');
insert into event (eventId, eventName, description, eventBriteLink) values (170, 'Little Traitor, The', 'Customizable 6th generation moderator', '54.189.191.164');
insert into event (eventId, eventName, description, eventBriteLink) values (171, 'Pinchcliffe Grand Prix (Flklypa Grand Prix)', 'Grass-roots stable capacity', '8.68.170.195');
insert into event (eventId, eventName, description, eventBriteLink) values (172, 'Honeymooners, The', 'Assimilated background superstructure', '238.209.234.216');
insert into event (eventId, eventName, description, eventBriteLink) values (173, 'Wrestling Queens', 'Monitored directional Graphic Interface', '103.45.129.210');
insert into event (eventId, eventName, description, eventBriteLink) values (174, 'Vicky Donor', 'Integrated optimal info-mediaries', '136.233.38.159');
insert into event (eventId, eventName, description, eventBriteLink) values (175, 'Vampire Effect (The Twins Effect) (Chin gei bin)', 'Customer-focused demand-driven forecast', '253.239.135.104');
insert into event (eventId, eventName, description, eventBriteLink) values (176, 'Hard Target', 'Up-sized heuristic budgetary management', '73.41.70.115');
insert into event (eventId, eventName, description, eventBriteLink) values (177, 'Sallah', 'Multi-tiered clear-thinking groupware', '13.132.147.16');
insert into event (eventId, eventName, description, eventBriteLink) values (178, 'Paziraie Sadeh', 'Multi-lateral 24/7 superstructure', '51.189.2.231');
insert into event (eventId, eventName, description, eventBriteLink) values (179, 'Air I Breathe, The', 'Advanced cohesive framework', '7.91.156.135');
insert into event (eventId, eventName, description, eventBriteLink) values (180, 'I Am the Law', 'Operative stable info-mediaries', '47.22.64.195');
insert into event (eventId, eventName, description, eventBriteLink) values (181, 'Fantasia 2000', 'Team-oriented transitional flexibility', '141.230.62.176');
insert into event (eventId, eventName, description, eventBriteLink) values (182, 'Hostel: Part II', 'Automated background throughput', '232.170.160.127');
insert into event (eventId, eventName, description, eventBriteLink) values (183, 'Wild Bunch, The', 'Team-oriented multi-tasking task-force', '10.144.65.225');
insert into event (eventId, eventName, description, eventBriteLink) values (184, 'Lovers, The (Les Amants)', 'Managed 24 hour hardware', '119.4.99.143');
insert into event (eventId, eventName, description, eventBriteLink) values (185, 'Reservoir Dogs', 'Fully-configurable full-range architecture', '209.249.191.196');
insert into event (eventId, eventName, description, eventBriteLink) values (186, 'Suburbans, The', 'Ameliorated national focus group', '198.104.2.221');
insert into event (eventId, eventName, description, eventBriteLink) values (187, 'Pain & Gain', 'Multi-channelled web-enabled Graphic Interface', '54.69.221.58');
insert into event (eventId, eventName, description, eventBriteLink) values (188, '20,000 Leagues Under the Sea', 'Phased 24 hour benchmark', '233.240.170.93');
insert into event (eventId, eventName, description, eventBriteLink) values (189, 'All for the Winner (Dou sing)', 'Configurable next generation algorithm', '114.13.0.56');
insert into event (eventId, eventName, description, eventBriteLink) values (190, 'Chess Players, The (Shatranj Ke Khilari)', 'Synergized tertiary interface', '82.85.137.164');
insert into event (eventId, eventName, description, eventBriteLink) values (191, 'Death to Smoochy', 'Seamless asynchronous parallelism', '85.153.221.172');
insert into event (eventId, eventName, description, eventBriteLink) values (192, 'Russkies', 'Optional even-keeled monitoring', '21.197.38.240');
insert into event (eventId, eventName, description, eventBriteLink) values (193, 'Hallelujah I''m a Bum', 'Digitized methodical collaboration', '153.52.208.45');
insert into event (eventId, eventName, description, eventBriteLink) values (194, 'Half Nelson', 'Progressive modular archive', '233.122.190.251');
insert into event (eventId, eventName, description, eventBriteLink) values (195, 'Anna Karenina', 'Optional dynamic core', '50.133.119.50');
insert into event (eventId, eventName, description, eventBriteLink) values (196, 'May Fools (Milou en mai)', 'Multi-channelled intangible archive', '130.123.204.71');
insert into event (eventId, eventName, description, eventBriteLink) values (197, 'Light Sleeper', 'Digitized systematic local area network', '209.79.195.50');
insert into event (eventId, eventName, description, eventBriteLink) values (198, 'Rain', 'Decentralized multi-state functionalities', '28.4.136.164');
insert into event (eventId, eventName, description, eventBriteLink) values (199, 'Hellsing Ultimate OVA Series', 'Upgradable stable function', '130.143.246.36');
insert into event (eventId, eventName, description, eventBriteLink) values (200, 'Ironweed', 'Multi-lateral multimedia complexity', '228.141.21.223');
insert into event (eventId, eventName, description, eventBriteLink) values (201, 'Deadly Prey', 'Open-source contextually-based contingency', '253.52.5.55');
insert into event (eventId, eventName, description, eventBriteLink) values (202, 'Wind and the Lion, The', 'Operative background approach', '240.225.112.49');
insert into event (eventId, eventName, description, eventBriteLink) values (203, 'Peanut Butter Solution, The', 'Seamless analyzing info-mediaries', '249.231.55.68');
insert into event (eventId, eventName, description, eventBriteLink) values (204, 'Last Taboo, The', 'Public-key fault-tolerant local area network', '75.147.176.50');
insert into event (eventId, eventName, description, eventBriteLink) values (205, 'If I Were King', 'Balanced bi-directional toolset', '81.63.52.16');
insert into event (eventId, eventName, description, eventBriteLink) values (206, 'The Miracle of Our Lady of Fatima', 'Focused foreground workforce', '234.219.58.116');
insert into event (eventId, eventName, description, eventBriteLink) values (207, 'Employment, The (Empleo, El)', 'Managed multi-state structure', '174.143.148.248');
insert into event (eventId, eventName, description, eventBriteLink) values (208, 'Thing, The', 'Enterprise-wide bandwidth-monitored hardware', '185.31.148.216');
insert into event (eventId, eventName, description, eventBriteLink) values (209, 'Wind with the Gone (El viento se llev lo qu)', 'Profound attitude-oriented open architecture', '212.116.101.61');
insert into event (eventId, eventName, description, eventBriteLink) values (210, 'Eddie Izzard: Dress to Kill', 'Compatible maximized middleware', '219.102.82.118');
insert into event (eventId, eventName, description, eventBriteLink) values (211, 'Entity', 'Re-engineered mobile synergy', '55.138.87.207');
insert into event (eventId, eventName, description, eventBriteLink) values (212, 'Best of Youth, The (La meglio giovent)', 'User-centric system-worthy data-warehouse', '2.89.252.116');
insert into event (eventId, eventName, description, eventBriteLink) values (213, 'Roula', 'Reverse-engineered directional hierarchy', '10.55.254.43');
insert into event (eventId, eventName, description, eventBriteLink) values (214, 'I Am (Jestem)', 'Multi-tiered value-added budgetary management', '188.24.102.243');
insert into event (eventId, eventName, description, eventBriteLink) values (215, 'Phantom of the Opera, The', 'Multi-layered cohesive benchmark', '217.214.35.16');
insert into event (eventId, eventName, description, eventBriteLink) values (216, 'Marathon Family, The (Maratonci Trce Pocasni Krug)', 'Open-architected foreground neural-net', '48.137.231.235');
insert into event (eventId, eventName, description, eventBriteLink) values (217, 'Tom Segura: Completely Normal', 'Persistent upward-trending model', '223.12.117.186');
insert into event (eventId, eventName, description, eventBriteLink) values (218, 'Salvation Boulevard', 'Right-sized asymmetric hardware', '108.134.80.22');
insert into event (eventId, eventName, description, eventBriteLink) values (219, 'Killjoy 2: Deliverance from Evil', 'Face to face zero defect ability', '146.180.104.202');
insert into event (eventId, eventName, description, eventBriteLink) values (220, 'Disappearance of Alice Creed, The', 'Fully-configurable homogeneous knowledge base', '80.27.148.224');
insert into event (eventId, eventName, description, eventBriteLink) values (221, 'The House on 56th Street', 'Secured value-added hub', '217.28.115.175');
insert into event (eventId, eventName, description, eventBriteLink) values (222, 'Advertising and the End of the World', 'Customizable 24/7 array', '247.18.124.249');
insert into event (eventId, eventName, description, eventBriteLink) values (223, '30 Beats', 'Visionary analyzing process improvement', '156.40.249.255');
insert into event (eventId, eventName, description, eventBriteLink) values (224, 'James Dean Remembered', 'Focused neutral parallelism', '49.82.52.190');
insert into event (eventId, eventName, description, eventBriteLink) values (225, 'Standby', 'Programmable uniform attitude', '84.218.11.134');
insert into event (eventId, eventName, description, eventBriteLink) values (226, 'Blood from the Mummy''s Tomb', 'Quality-focused 24/7 pricing structure', '223.166.171.193');
insert into event (eventId, eventName, description, eventBriteLink) values (227, 'Close', 'Mandatory scalable process improvement', '180.77.78.142');
insert into event (eventId, eventName, description, eventBriteLink) values (228, 'Unbelievable Truth, The', 'Profit-focused executive secured line', '248.200.6.244');
insert into event (eventId, eventName, description, eventBriteLink) values (229, 'Returner (Ritaanaa)', 'Cross-group neutral approach', '96.197.1.46');
insert into event (eventId, eventName, description, eventBriteLink) values (230, 'Eagle Eye', 'Vision-oriented composite complexity', '192.253.226.250');
insert into event (eventId, eventName, description, eventBriteLink) values (231, 'Bhowani Junction', 'Right-sized impactful software', '186.184.1.162');
insert into event (eventId, eventName, description, eventBriteLink) values (232, 'Day After Tomorrow, The', 'Cross-platform web-enabled moratorium', '213.175.139.214');
insert into event (eventId, eventName, description, eventBriteLink) values (233, 'Girl from Monday, The', 'De-engineered fresh-thinking functionalities', '151.132.139.2');
insert into event (eventId, eventName, description, eventBriteLink) values (234, 'Something Wild', 'Reverse-engineered bottom-line system engine', '213.123.77.4');
insert into event (eventId, eventName, description, eventBriteLink) values (235, 'House of the Spirits, The', 'Diverse object-oriented support', '172.103.35.148');
insert into event (eventId, eventName, description, eventBriteLink) values (236, 'Westward the Women', 'Advanced full-range encoding', '211.122.200.98');
insert into event (eventId, eventName, description, eventBriteLink) values (237, 'Fiancee, The (Parineeta)', 'Diverse methodical benchmark', '115.168.123.250');
insert into event (eventId, eventName, description, eventBriteLink) values (238, 'Dying Young', 'Devolved dynamic core', '91.227.137.115');
insert into event (eventId, eventName, description, eventBriteLink) values (239, 'Congress, The', 'Re-contextualized well-modulated help-desk', '66.254.10.69');
insert into event (eventId, eventName, description, eventBriteLink) values (240, 'Mendy: A Question of Faith', 'Progressive explicit system engine', '45.162.245.5');
insert into event (eventId, eventName, description, eventBriteLink) values (241, 'Runaway Brain ', 'Enhanced bi-directional analyzer', '36.207.109.107');
insert into event (eventId, eventName, description, eventBriteLink) values (242, 'Place Called Chiapas, A', 'Implemented zero administration data-warehouse', '51.72.181.86');
insert into event (eventId, eventName, description, eventBriteLink) values (243, 'Man Who Could Work Miracles, The', 'Adaptive holistic software', '108.151.6.212');
insert into event (eventId, eventName, description, eventBriteLink) values (244, 'Chant of Jimmy Blacksmith, The', 'Multi-tiered optimal internet solution', '178.185.27.139');
insert into event (eventId, eventName, description, eventBriteLink) values (245, 'Palermo Shooting', 'Implemented context-sensitive toolset', '125.66.181.114');
insert into event (eventId, eventName, description, eventBriteLink) values (246, 'The Harmony Game', 'Multi-lateral system-worthy knowledge user', '55.132.32.58');
insert into event (eventId, eventName, description, eventBriteLink) values (247, 'Malaya', 'De-engineered bi-directional protocol', '167.217.209.193');
insert into event (eventId, eventName, description, eventBriteLink) values (248, 'Careful', 'Monitored mobile protocol', '251.192.34.146');
insert into event (eventId, eventName, description, eventBriteLink) values (249, 'Silent House', 'De-engineered 5th generation hub', '130.37.113.194');
insert into event (eventId, eventName, description, eventBriteLink) values (250, 'Outbound (Periferic)', 'Extended 24 hour open architecture', '48.61.218.172');

/* eventCategory */
insert into eventCategory (eventId, categoryId, isRelatedCategory) values (18, 15, true);
insert into eventCategory (eventId, categoryId, isRelatedCategory) values (224, 8, true);
insert into eventCategory (eventId, categoryId, isRelatedCategory) values (144, 10, false);
insert into eventCategory (eventId, categoryId, isRelatedCategory) values (91, 9, false);
insert into eventCategory (eventId, categoryId, isRelatedCategory) values (8, 1, false);
insert into eventCategory (eventId, categoryId, isRelatedCategory) values (163, 6, false);
insert into eventCategory (eventId, categoryId, isRelatedCategory) values (128, 15, false);
insert into eventCategory (eventId, categoryId, isRelatedCategory) values (139, 10, false);
insert into eventCategory (eventId, categoryId, isRelatedCategory) values (82, 10, true);
insert into eventCategory (eventId, categoryId, isRelatedCategory) values (126, 12, true);
insert into eventCategory (eventId, categoryId, isRelatedCategory) values (145, 14, false);
insert into eventCategory (eventId, categoryId, isRelatedCategory) values (23, 13, true);
insert into eventCategory (eventId, categoryId, isRelatedCategory) values (223, 15, false);
insert into eventCategory (eventId, categoryId, isRelatedCategory) values (239, 8, true);
insert into eventCategory (eventId, categoryId, isRelatedCategory) values (244, 6, false);
insert into eventCategory (eventId, categoryId, isRelatedCategory) values (247, 11, true);
insert into eventCategory (eventId, categoryId, isRelatedCategory) values (155, 1, true);
insert into eventCategory (eventId, categoryId, isRelatedCategory) values (207, 7, true);
insert into eventCategory (eventId, categoryId, isRelatedCategory) values (242, 10, true);
insert into eventCategory (eventId, categoryId, isRelatedCategory) values (98, 1, true);
insert into eventCategory (eventId, categoryId, isRelatedCategory) values (19, 15, false);
insert into eventCategory (eventId, categoryId, isRelatedCategory) values (202, 8, true);
insert into eventCategory (eventId, categoryId, isRelatedCategory) values (239, 15, false);
insert into eventCategory (eventId, categoryId, isRelatedCategory) values (16, 2, true);
insert into eventCategory (eventId, categoryId, isRelatedCategory) values (155, 11, false);
insert into eventCategory (eventId, categoryId, isRelatedCategory) values (75, 13, false);
insert into eventCategory (eventId, categoryId, isRelatedCategory) values (64, 14, true);
insert into eventCategory (eventId, categoryId, isRelatedCategory) values (221, 10, true);
insert into eventCategory (eventId, categoryId, isRelatedCategory) values (7, 10, false);
insert into eventCategory (eventId, categoryId, isRelatedCategory) values (181, 11, false);
insert into eventCategory (eventId, categoryId, isRelatedCategory) values (135, 12, false);
insert into eventCategory (eventId, categoryId, isRelatedCategory) values (48, 1, false);
insert into eventCategory (eventId, categoryId, isRelatedCategory) values (150, 12, false);
insert into eventCategory (eventId, categoryId, isRelatedCategory) values (194, 13, false);
insert into eventCategory (eventId, categoryId, isRelatedCategory) values (66, 3, true);
insert into eventCategory (eventId, categoryId, isRelatedCategory) values (21, 5, false);
insert into eventCategory (eventId, categoryId, isRelatedCategory) values (232, 3, false);
insert into eventCategory (eventId, categoryId, isRelatedCategory) values (219, 7, true);
insert into eventCategory (eventId, categoryId, isRelatedCategory) values (219, 14, true);
insert into eventCategory (eventId, categoryId, isRelatedCategory) values (104, 9, false);
insert into eventCategory (eventId, categoryId, isRelatedCategory) values (86, 1, true);
insert into eventCategory (eventId, categoryId, isRelatedCategory) values (83, 12, true);
insert into eventCategory (eventId, categoryId, isRelatedCategory) values (6, 2, false);
insert into eventCategory (eventId, categoryId, isRelatedCategory) values (231, 10, true);
insert into eventCategory (eventId, categoryId, isRelatedCategory) values (176, 14, false);
insert into eventCategory (eventId, categoryId, isRelatedCategory) values (112, 2, true);
insert into eventCategory (eventId, categoryId, isRelatedCategory) values (97, 12, true);
insert into eventCategory (eventId, categoryId, isRelatedCategory) values (211, 15, true);
insert into eventCategory (eventId, categoryId, isRelatedCategory) values (181, 9, false);
insert into eventCategory (eventId, categoryId, isRelatedCategory) values (37, 9, true);
insert into eventCategory (eventId, categoryId, isRelatedCategory) values (93, 3, true);
insert into eventCategory (eventId, categoryId, isRelatedCategory) values (203, 13, true);
insert into eventCategory (eventId, categoryId, isRelatedCategory) values (245, 9, true);
insert into eventCategory (eventId, categoryId, isRelatedCategory) values (195, 15, true);
insert into eventCategory (eventId, categoryId, isRelatedCategory) values (226, 6, false);
insert into eventCategory (eventId, categoryId, isRelatedCategory) values (128, 9, false);
insert into eventCategory (eventId, categoryId, isRelatedCategory) values (71, 5, true);
insert into eventCategory (eventId, categoryId, isRelatedCategory) values (15, 2, false);
insert into eventCategory (eventId, categoryId, isRelatedCategory) values (134, 1, false);
insert into eventCategory (eventId, categoryId, isRelatedCategory) values (80, 9, true);
insert into eventCategory (eventId, categoryId, isRelatedCategory) values (62, 4, false);
insert into eventCategory (eventId, categoryId, isRelatedCategory) values (107, 8, false);
insert into eventCategory (eventId, categoryId, isRelatedCategory) values (220, 14, false);
insert into eventCategory (eventId, categoryId, isRelatedCategory) values (218, 10, false);
insert into eventCategory (eventId, categoryId, isRelatedCategory) values (140, 10, true);
insert into eventCategory (eventId, categoryId, isRelatedCategory) values (243, 2, false);
insert into eventCategory (eventId, categoryId, isRelatedCategory) values (45, 5, true);
insert into eventCategory (eventId, categoryId, isRelatedCategory) values (162, 1, false);
insert into eventCategory (eventId, categoryId, isRelatedCategory) values (183, 5, true);
insert into eventCategory (eventId, categoryId, isRelatedCategory) values (90, 6, true);
insert into eventCategory (eventId, categoryId, isRelatedCategory) values (222, 2, true);
insert into eventCategory (eventId, categoryId, isRelatedCategory) values (6, 6, true);
insert into eventCategory (eventId, categoryId, isRelatedCategory) values (8, 4, true);
insert into eventCategory (eventId, categoryId, isRelatedCategory) values (9, 14, false);
insert into eventCategory (eventId, categoryId, isRelatedCategory) values (1, 3, true);
insert into eventCategory (eventId, categoryId, isRelatedCategory) values (239, 6, false);
insert into eventCategory (eventId, categoryId, isRelatedCategory) values (200, 12, false);
insert into eventCategory (eventId, categoryId, isRelatedCategory) values (180, 15, false);
insert into eventCategory (eventId, categoryId, isRelatedCategory) values (10, 10, true);
insert into eventCategory (eventId, categoryId, isRelatedCategory) values (46, 14, false);
insert into eventCategory (eventId, categoryId, isRelatedCategory) values (58, 5, false);
insert into eventCategory (eventId, categoryId, isRelatedCategory) values (160, 15, false);
insert into eventCategory (eventId, categoryId, isRelatedCategory) values (84, 6, true);
insert into eventCategory (eventId, categoryId, isRelatedCategory) values (87, 13, false);
insert into eventCategory (eventId, categoryId, isRelatedCategory) values (74, 7, true);
insert into eventCategory (eventId, categoryId, isRelatedCategory) values (138, 6, false);
insert into eventCategory (eventId, categoryId, isRelatedCategory) values (234, 11, true);
insert into eventCategory (eventId, categoryId, isRelatedCategory) values (97, 15, true);
insert into eventCategory (eventId, categoryId, isRelatedCategory) values (209, 1, true);
insert into eventCategory (eventId, categoryId, isRelatedCategory) values (212, 8, true);
insert into eventCategory (eventId, categoryId, isRelatedCategory) values (136, 12, false);
insert into eventCategory (eventId, categoryId, isRelatedCategory) values (95, 7, true);
insert into eventCategory (eventId, categoryId, isRelatedCategory) values (201, 9, false);
insert into eventCategory (eventId, categoryId, isRelatedCategory) values (225, 4, true);
insert into eventCategory (eventId, categoryId, isRelatedCategory) values (149, 3, true);
insert into eventCategory (eventId, categoryId, isRelatedCategory) values (43, 9, true);
insert into eventCategory (eventId, categoryId, isRelatedCategory) values (47, 7, true);
insert into eventCategory (eventId, categoryId, isRelatedCategory) values (40, 3, true);
insert into eventCategory (eventId, categoryId, isRelatedCategory) values (104, 6, true);
insert into eventCategory (eventId, categoryId, isRelatedCategory) values (120, 13, true);
insert into eventCategory (eventId, categoryId, isRelatedCategory) values (90, 10, true);
insert into eventCategory (eventId, categoryId, isRelatedCategory) values (75, 8, true);
insert into eventCategory (eventId, categoryId, isRelatedCategory) values (105, 13, true);
insert into eventCategory (eventId, categoryId, isRelatedCategory) values (231, 15, false);
insert into eventCategory (eventId, categoryId, isRelatedCategory) values (201, 2, false);
insert into eventCategory (eventId, categoryId, isRelatedCategory) values (241, 11, true);
insert into eventCategory (eventId, categoryId, isRelatedCategory) values (104, 2, false);
insert into eventCategory (eventId, categoryId, isRelatedCategory) values (66, 7, false);
insert into eventCategory (eventId, categoryId, isRelatedCategory) values (86, 2, false);
insert into eventCategory (eventId, categoryId, isRelatedCategory) values (88, 7, false);
insert into eventCategory (eventId, categoryId, isRelatedCategory) values (183, 5, false);
insert into eventCategory (eventId, categoryId, isRelatedCategory) values (118, 8, true);
insert into eventCategory (eventId, categoryId, isRelatedCategory) values (15, 7, false);
insert into eventCategory (eventId, categoryId, isRelatedCategory) values (67, 4, true);
insert into eventCategory (eventId, categoryId, isRelatedCategory) values (140, 14, true);
insert into eventCategory (eventId, categoryId, isRelatedCategory) values (152, 2, false);
insert into eventCategory (eventId, categoryId, isRelatedCategory) values (75, 14, true);
insert into eventCategory (eventId, categoryId, isRelatedCategory) values (210, 5, true);
insert into eventCategory (eventId, categoryId, isRelatedCategory) values (152, 1, true);
insert into eventCategory (eventId, categoryId, isRelatedCategory) values (36, 12, false);
insert into eventCategory (eventId, categoryId, isRelatedCategory) values (7, 6, false);
insert into eventCategory (eventId, categoryId, isRelatedCategory) values (200, 12, true);
insert into eventCategory (eventId, categoryId, isRelatedCategory) values (234, 15, false);
insert into eventCategory (eventId, categoryId, isRelatedCategory) values (90, 8, true);
insert into eventCategory (eventId, categoryId, isRelatedCategory) values (220, 4, false);
insert into eventCategory (eventId, categoryId, isRelatedCategory) values (38, 8, true);
insert into eventCategory (eventId, categoryId, isRelatedCategory) values (151, 10, true);
insert into eventCategory (eventId, categoryId, isRelatedCategory) values (117, 2, false);
insert into eventCategory (eventId, categoryId, isRelatedCategory) values (59, 3, true);
insert into eventCategory (eventId, categoryId, isRelatedCategory) values (56, 1, false);
insert into eventCategory (eventId, categoryId, isRelatedCategory) values (93, 2, true);
insert into eventCategory (eventId, categoryId, isRelatedCategory) values (40, 3, false);
insert into eventCategory (eventId, categoryId, isRelatedCategory) values (92, 1, true);
insert into eventCategory (eventId, categoryId, isRelatedCategory) values (41, 9, true);
insert into eventCategory (eventId, categoryId, isRelatedCategory) values (201, 9, false);
insert into eventCategory (eventId, categoryId, isRelatedCategory) values (24, 10, false);
insert into eventCategory (eventId, categoryId, isRelatedCategory) values (117, 8, true);
insert into eventCategory (eventId, categoryId, isRelatedCategory) values (55, 10, false);
insert into eventCategory (eventId, categoryId, isRelatedCategory) values (123, 12, false);
insert into eventCategory (eventId, categoryId, isRelatedCategory) values (131, 2, false);
insert into eventCategory (eventId, categoryId, isRelatedCategory) values (9, 4, false);
insert into eventCategory (eventId, categoryId, isRelatedCategory) values (202, 11, true);
insert into eventCategory (eventId, categoryId, isRelatedCategory) values (24, 9, false);
insert into eventCategory (eventId, categoryId, isRelatedCategory) values (109, 10, true);
insert into eventCategory (eventId, categoryId, isRelatedCategory) values (21, 6, false);
insert into eventCategory (eventId, categoryId, isRelatedCategory) values (221, 8, false);
insert into eventCategory (eventId, categoryId, isRelatedCategory) values (75, 2, false);
insert into eventCategory (eventId, categoryId, isRelatedCategory) values (66, 6, false);
insert into eventCategory (eventId, categoryId, isRelatedCategory) values (35, 9, false);
insert into eventCategory (eventId, categoryId, isRelatedCategory) values (248, 13, true);
insert into eventCategory (eventId, categoryId, isRelatedCategory) values (204, 15, true);
insert into eventCategory (eventId, categoryId, isRelatedCategory) values (70, 9, false);
insert into eventCategory (eventId, categoryId, isRelatedCategory) values (65, 8, true);
insert into eventCategory (eventId, categoryId, isRelatedCategory) values (62, 9, true);
insert into eventCategory (eventId, categoryId, isRelatedCategory) values (6, 6, false);
insert into eventCategory (eventId, categoryId, isRelatedCategory) values (165, 11, false);
insert into eventCategory (eventId, categoryId, isRelatedCategory) values (249, 7, false);
insert into eventCategory (eventId, categoryId, isRelatedCategory) values (142, 2, true);
insert into eventCategory (eventId, categoryId, isRelatedCategory) values (30, 1, true);
insert into eventCategory (eventId, categoryId, isRelatedCategory) values (131, 11, false);
insert into eventCategory (eventId, categoryId, isRelatedCategory) values (132, 12, false);
insert into eventCategory (eventId, categoryId, isRelatedCategory) values (148, 1, true);
insert into eventCategory (eventId, categoryId, isRelatedCategory) values (176, 6, true);
insert into eventCategory (eventId, categoryId, isRelatedCategory) values (80, 15, false);
insert into eventCategory (eventId, categoryId, isRelatedCategory) values (114, 15, false);
insert into eventCategory (eventId, categoryId, isRelatedCategory) values (88, 12, false);
insert into eventCategory (eventId, categoryId, isRelatedCategory) values (223, 5, true);
insert into eventCategory (eventId, categoryId, isRelatedCategory) values (194, 5, false);
insert into eventCategory (eventId, categoryId, isRelatedCategory) values (201, 12, true);
insert into eventCategory (eventId, categoryId, isRelatedCategory) values (230, 10, true);
insert into eventCategory (eventId, categoryId, isRelatedCategory) values (167, 14, false);
insert into eventCategory (eventId, categoryId, isRelatedCategory) values (225, 10, false);
insert into eventCategory (eventId, categoryId, isRelatedCategory) values (213, 1, false);
insert into eventCategory (eventId, categoryId, isRelatedCategory) values (114, 3, true);
insert into eventCategory (eventId, categoryId, isRelatedCategory) values (69, 13, true);
insert into eventCategory (eventId, categoryId, isRelatedCategory) values (139, 3, false);
insert into eventCategory (eventId, categoryId, isRelatedCategory) values (29, 13, false);
insert into eventCategory (eventId, categoryId, isRelatedCategory) values (28, 5, true);
insert into eventCategory (eventId, categoryId, isRelatedCategory) values (85, 9, false);
insert into eventCategory (eventId, categoryId, isRelatedCategory) values (90, 7, true);
insert into eventCategory (eventId, categoryId, isRelatedCategory) values (87, 9, false);
insert into eventCategory (eventId, categoryId, isRelatedCategory) values (237, 5, true);
insert into eventCategory (eventId, categoryId, isRelatedCategory) values (98, 9, true);
insert into eventCategory (eventId, categoryId, isRelatedCategory) values (38, 14, true);
insert into eventCategory (eventId, categoryId, isRelatedCategory) values (180, 7, false);
insert into eventCategory (eventId, categoryId, isRelatedCategory) values (200, 11, true);
insert into eventCategory (eventId, categoryId, isRelatedCategory) values (228, 10, false);
insert into eventCategory (eventId, categoryId, isRelatedCategory) values (164, 8, false);
insert into eventCategory (eventId, categoryId, isRelatedCategory) values (99, 13, false);
insert into eventCategory (eventId, categoryId, isRelatedCategory) values (48, 13, false);
insert into eventCategory (eventId, categoryId, isRelatedCategory) values (42, 8, true);
insert into eventCategory (eventId, categoryId, isRelatedCategory) values (236, 10, true);
insert into eventCategory (eventId, categoryId, isRelatedCategory) values (35, 6, true);
insert into eventCategory (eventId, categoryId, isRelatedCategory) values (166, 5, true);
insert into eventCategory (eventId, categoryId, isRelatedCategory) values (233, 4, false);
insert into eventCategory (eventId, categoryId, isRelatedCategory) values (123, 5, true);
insert into eventCategory (eventId, categoryId, isRelatedCategory) values (162, 11, false);
insert into eventCategory (eventId, categoryId, isRelatedCategory) values (181, 11, true);
insert into eventCategory (eventId, categoryId, isRelatedCategory) values (32, 3, true);
insert into eventCategory (eventId, categoryId, isRelatedCategory) values (178, 11, true);
insert into eventCategory (eventId, categoryId, isRelatedCategory) values (218, 1, false);
insert into eventCategory (eventId, categoryId, isRelatedCategory) values (60, 10, true);
insert into eventCategory (eventId, categoryId, isRelatedCategory) values (132, 10, false);
insert into eventCategory (eventId, categoryId, isRelatedCategory) values (25, 5, false);
insert into eventCategory (eventId, categoryId, isRelatedCategory) values (235, 11, true);
insert into eventCategory (eventId, categoryId, isRelatedCategory) values (125, 15, true);
insert into eventCategory (eventId, categoryId, isRelatedCategory) values (238, 14, false);
insert into eventCategory (eventId, categoryId, isRelatedCategory) values (201, 15, false);
insert into eventCategory (eventId, categoryId, isRelatedCategory) values (5, 2, true);
insert into eventCategory (eventId, categoryId, isRelatedCategory) values (247, 4, false);
insert into eventCategory (eventId, categoryId, isRelatedCategory) values (248, 10, false);
insert into eventCategory (eventId, categoryId, isRelatedCategory) values (210, 5, true);
insert into eventCategory (eventId, categoryId, isRelatedCategory) values (115, 1, true);
insert into eventCategory (eventId, categoryId, isRelatedCategory) values (160, 10, true);
insert into eventCategory (eventId, categoryId, isRelatedCategory) values (201, 15, false);
insert into eventCategory (eventId, categoryId, isRelatedCategory) values (62, 5, true);
insert into eventCategory (eventId, categoryId, isRelatedCategory) values (53, 7, false);
insert into eventCategory (eventId, categoryId, isRelatedCategory) values (168, 7, true);
insert into eventCategory (eventId, categoryId, isRelatedCategory) values (15, 8, true);
insert into eventCategory (eventId, categoryId, isRelatedCategory) values (99, 10, false);
insert into eventCategory (eventId, categoryId, isRelatedCategory) values (247, 10, true);
insert into eventCategory (eventId, categoryId, isRelatedCategory) values (194, 13, true);
insert into eventCategory (eventId, categoryId, isRelatedCategory) values (215, 9, false);
insert into eventCategory (eventId, categoryId, isRelatedCategory) values (31, 13, true);
insert into eventCategory (eventId, categoryId, isRelatedCategory) values (153, 15, false);
insert into eventCategory (eventId, categoryId, isRelatedCategory) values (56, 12, false);
insert into eventCategory (eventId, categoryId, isRelatedCategory) values (170, 1, false);
insert into eventCategory (eventId, categoryId, isRelatedCategory) values (153, 12, false);
insert into eventCategory (eventId, categoryId, isRelatedCategory) values (169, 5, true);
insert into eventCategory (eventId, categoryId, isRelatedCategory) values (84, 9, false);
insert into eventCategory (eventId, categoryId, isRelatedCategory) values (143, 14, true);
insert into eventCategory (eventId, categoryId, isRelatedCategory) values (49, 1, true);
insert into eventCategory (eventId, categoryId, isRelatedCategory) values (74, 11, false);
insert into eventCategory (eventId, categoryId, isRelatedCategory) values (9, 1, true);
insert into eventCategory (eventId, categoryId, isRelatedCategory) values (124, 7, false);
insert into eventCategory (eventId, categoryId, isRelatedCategory) values (216, 15, false);
insert into eventCategory (eventId, categoryId, isRelatedCategory) values (10, 8, true);
insert into eventCategory (eventId, categoryId, isRelatedCategory) values (22, 9, false);
insert into eventCategory (eventId, categoryId, isRelatedCategory) values (221, 1, true);
insert into eventCategory (eventId, categoryId, isRelatedCategory) values (232, 5, false);
insert into eventCategory (eventId, categoryId, isRelatedCategory) values (112, 6, true);
insert into eventCategory (eventId, categoryId, isRelatedCategory) values (17, 9, true);
insert into eventCategory (eventId, categoryId, isRelatedCategory) values (215, 4, true);
insert into eventCategory (eventId, categoryId, isRelatedCategory) values (6, 12, false);
insert into eventCategory (eventId, categoryId, isRelatedCategory) values (89, 4, false);
insert into eventCategory (eventId, categoryId, isRelatedCategory) values (208, 10, true);
insert into eventCategory (eventId, categoryId, isRelatedCategory) values (48, 2, true);
insert into eventCategory (eventId, categoryId, isRelatedCategory) values (230, 12, false);
insert into eventCategory (eventId, categoryId, isRelatedCategory) values (244, 4, false);
insert into eventCategory (eventId, categoryId, isRelatedCategory) values (107, 14, true);
insert into eventCategory (eventId, categoryId, isRelatedCategory) values (159, 8, false);
insert into eventCategory (eventId, categoryId, isRelatedCategory) values (107, 9, true);
insert into eventCategory (eventId, categoryId, isRelatedCategory) values (94, 4, false);
insert into eventCategory (eventId, categoryId, isRelatedCategory) values (96, 8, true);
insert into eventCategory (eventId, categoryId, isRelatedCategory) values (77, 15, true);
insert into eventCategory (eventId, categoryId, isRelatedCategory) values (71, 8, true);
insert into eventCategory (eventId, categoryId, isRelatedCategory) values (50, 9, false);
insert into eventCategory (eventId, categoryId, isRelatedCategory) values (73, 10, true);
insert into eventCategory (eventId, categoryId, isRelatedCategory) values (209, 15, false);
insert into eventCategory (eventId, categoryId, isRelatedCategory) values (233, 4, true);
insert into eventCategory (eventId, categoryId, isRelatedCategory) values (101, 12, true);
insert into eventCategory (eventId, categoryId, isRelatedCategory) values (39, 10, true);
insert into eventCategory (eventId, categoryId, isRelatedCategory) values (117, 6, true);
insert into eventCategory (eventId, categoryId, isRelatedCategory) values (126, 5, false);
insert into eventCategory (eventId, categoryId, isRelatedCategory) values (182, 1, false);
insert into eventCategory (eventId, categoryId, isRelatedCategory) values (60, 6, false);
insert into eventCategory (eventId, categoryId, isRelatedCategory) values (232, 9, false);
insert into eventCategory (eventId, categoryId, isRelatedCategory) values (227, 1, true);
insert into eventCategory (eventId, categoryId, isRelatedCategory) values (134, 10, false);
insert into eventCategory (eventId, categoryId, isRelatedCategory) values (36, 4, false);
insert into eventCategory (eventId, categoryId, isRelatedCategory) values (64, 7, false);
insert into eventCategory (eventId, categoryId, isRelatedCategory) values (187, 13, false);
insert into eventCategory (eventId, categoryId, isRelatedCategory) values (104, 7, true);
insert into eventCategory (eventId, categoryId, isRelatedCategory) values (216, 11, false);
insert into eventCategory (eventId, categoryId, isRelatedCategory) values (23, 10, false);
insert into eventCategory (eventId, categoryId, isRelatedCategory) values (199, 2, true);
insert into eventCategory (eventId, categoryId, isRelatedCategory) values (185, 2, false);
insert into eventCategory (eventId, categoryId, isRelatedCategory) values (31, 7, false);
insert into eventCategory (eventId, categoryId, isRelatedCategory) values (159, 12, true);
insert into eventCategory (eventId, categoryId, isRelatedCategory) values (221, 15, true);
insert into eventCategory (eventId, categoryId, isRelatedCategory) values (6, 14, true);
insert into eventCategory (eventId, categoryId, isRelatedCategory) values (123, 9, false);
insert into eventCategory (eventId, categoryId, isRelatedCategory) values (132, 5, false);
insert into eventCategory (eventId, categoryId, isRelatedCategory) values (94, 5, false);
insert into eventCategory (eventId, categoryId, isRelatedCategory) values (243, 4, true);
insert into eventCategory (eventId, categoryId, isRelatedCategory) values (182, 15, false);
insert into eventCategory (eventId, categoryId, isRelatedCategory) values (96, 11, true);
insert into eventCategory (eventId, categoryId, isRelatedCategory) values (144, 14, false);
insert into eventCategory (eventId, categoryId, isRelatedCategory) values (168, 15, false);
insert into eventCategory (eventId, categoryId, isRelatedCategory) values (31, 15, true);
insert into eventCategory (eventId, categoryId, isRelatedCategory) values (106, 4, true);
insert into eventCategory (eventId, categoryId, isRelatedCategory) values (229, 2, true);
insert into eventCategory (eventId, categoryId, isRelatedCategory) values (137, 8, false);
insert into eventCategory (eventId, categoryId, isRelatedCategory) values (33, 11, true);
insert into eventCategory (eventId, categoryId, isRelatedCategory) values (210, 6, false);
insert into eventCategory (eventId, categoryId, isRelatedCategory) values (208, 1, false);
insert into eventCategory (eventId, categoryId, isRelatedCategory) values (229, 5, false);
insert into eventCategory (eventId, categoryId, isRelatedCategory) values (128, 7, true);
insert into eventCategory (eventId, categoryId, isRelatedCategory) values (202, 4, false);
insert into eventCategory (eventId, categoryId, isRelatedCategory) values (206, 6, true);
insert into eventCategory (eventId, categoryId, isRelatedCategory) values (212, 1, false);
insert into eventCategory (eventId, categoryId, isRelatedCategory) values (51, 10, false);
insert into eventCategory (eventId, categoryId, isRelatedCategory) values (20, 9, true);
insert into eventCategory (eventId, categoryId, isRelatedCategory) values (188, 3, true);
insert into eventCategory (eventId, categoryId, isRelatedCategory) values (187, 9, false);
insert into eventCategory (eventId, categoryId, isRelatedCategory) values (226, 12, false);
insert into eventCategory (eventId, categoryId, isRelatedCategory) values (135, 12, false);
insert into eventCategory (eventId, categoryId, isRelatedCategory) values (65, 14, true);
insert into eventCategory (eventId, categoryId, isRelatedCategory) values (50, 1, false);
insert into eventCategory (eventId, categoryId, isRelatedCategory) values (62, 14, false);
insert into eventCategory (eventId, categoryId, isRelatedCategory) values (10, 14, true);
insert into eventCategory (eventId, categoryId, isRelatedCategory) values (224, 9, true);
insert into eventCategory (eventId, categoryId, isRelatedCategory) values (144, 6, false);
insert into eventCategory (eventId, categoryId, isRelatedCategory) values (180, 6, true);
insert into eventCategory (eventId, categoryId, isRelatedCategory) values (247, 2, false);
insert into eventCategory (eventId, categoryId, isRelatedCategory) values (30, 9, false);
insert into eventCategory (eventId, categoryId, isRelatedCategory) values (191, 10, true);
insert into eventCategory (eventId, categoryId, isRelatedCategory) values (195, 12, false);
insert into eventCategory (eventId, categoryId, isRelatedCategory) values (104, 6, true);
insert into eventCategory (eventId, categoryId, isRelatedCategory) values (108, 5, false);
insert into eventCategory (eventId, categoryId, isRelatedCategory) values (132, 13, true);
insert into eventCategory (eventId, categoryId, isRelatedCategory) values (209, 6, true);
insert into eventCategory (eventId, categoryId, isRelatedCategory) values (171, 9, true);
insert into eventCategory (eventId, categoryId, isRelatedCategory) values (151, 13, false);
insert into eventCategory (eventId, categoryId, isRelatedCategory) values (185, 12, true);
insert into eventCategory (eventId, categoryId, isRelatedCategory) values (47, 14, false);
insert into eventCategory (eventId, categoryId, isRelatedCategory) values (39, 15, false);
insert into eventCategory (eventId, categoryId, isRelatedCategory) values (226, 9, false);
insert into eventCategory (eventId, categoryId, isRelatedCategory) values (120, 6, false);
insert into eventCategory (eventId, categoryId, isRelatedCategory) values (84, 12, true);
insert into eventCategory (eventId, categoryId, isRelatedCategory) values (206, 4, true);
insert into eventCategory (eventId, categoryId, isRelatedCategory) values (178, 2, true);
insert into eventCategory (eventId, categoryId, isRelatedCategory) values (8, 6, true);
insert into eventCategory (eventId, categoryId, isRelatedCategory) values (100, 11, true);
insert into eventCategory (eventId, categoryId, isRelatedCategory) values (182, 11, false);
insert into eventCategory (eventId, categoryId, isRelatedCategory) values (85, 13, true);
insert into eventCategory (eventId, categoryId, isRelatedCategory) values (80, 15, true);
insert into eventCategory (eventId, categoryId, isRelatedCategory) values (26, 4, false);
insert into eventCategory (eventId, categoryId, isRelatedCategory) values (148, 6, false);
insert into eventCategory (eventId, categoryId, isRelatedCategory) values (126, 13, true);
insert into eventCategory (eventId, categoryId, isRelatedCategory) values (84, 11, true);
insert into eventCategory (eventId, categoryId, isRelatedCategory) values (52, 4, true);
insert into eventCategory (eventId, categoryId, isRelatedCategory) values (161, 14, true);
insert into eventCategory (eventId, categoryId, isRelatedCategory) values (181, 4, false);
insert into eventCategory (eventId, categoryId, isRelatedCategory) values (224, 10, false);
insert into eventCategory (eventId, categoryId, isRelatedCategory) values (224, 1, true);
insert into eventCategory (eventId, categoryId, isRelatedCategory) values (114, 7, true);
insert into eventCategory (eventId, categoryId, isRelatedCategory) values (144, 5, true);
insert into eventCategory (eventId, categoryId, isRelatedCategory) values (65, 5, true);
insert into eventCategory (eventId, categoryId, isRelatedCategory) values (226, 9, false);
insert into eventCategory (eventId, categoryId, isRelatedCategory) values (38, 3, false);
insert into eventCategory (eventId, categoryId, isRelatedCategory) values (88, 13, true);
insert into eventCategory (eventId, categoryId, isRelatedCategory) values (128, 11, true);
insert into eventCategory (eventId, categoryId, isRelatedCategory) values (105, 14, true);
insert into eventCategory (eventId, categoryId, isRelatedCategory) values (130, 3, false);
insert into eventCategory (eventId, categoryId, isRelatedCategory) values (14, 5, true);
insert into eventCategory (eventId, categoryId, isRelatedCategory) values (88, 3, false);
insert into eventCategory (eventId, categoryId, isRelatedCategory) values (135, 15, true);
insert into eventCategory (eventId, categoryId, isRelatedCategory) values (74, 3, false);
insert into eventCategory (eventId, categoryId, isRelatedCategory) values (11, 3, false);
insert into eventCategory (eventId, categoryId, isRelatedCategory) values (117, 2, false);
insert into eventCategory (eventId, categoryId, isRelatedCategory) values (63, 14, false);
insert into eventCategory (eventId, categoryId, isRelatedCategory) values (91, 9, true);
insert into eventCategory (eventId, categoryId, isRelatedCategory) values (196, 5, false);
insert into eventCategory (eventId, categoryId, isRelatedCategory) values (238, 5, false);
insert into eventCategory (eventId, categoryId, isRelatedCategory) values (232, 7, false);
insert into eventCategory (eventId, categoryId, isRelatedCategory) values (250, 12, true);
insert into eventCategory (eventId, categoryId, isRelatedCategory) values (93, 9, false);
insert into eventCategory (eventId, categoryId, isRelatedCategory) values (16, 2, true);
insert into eventCategory (eventId, categoryId, isRelatedCategory) values (67, 12, true);
insert into eventCategory (eventId, categoryId, isRelatedCategory) values (86, 10, false);
insert into eventCategory (eventId, categoryId, isRelatedCategory) values (63, 12, false);
insert into eventCategory (eventId, categoryId, isRelatedCategory) values (112, 10, true);
insert into eventCategory (eventId, categoryId, isRelatedCategory) values (104, 1, false);
insert into eventCategory (eventId, categoryId, isRelatedCategory) values (221, 9, false);
insert into eventCategory (eventId, categoryId, isRelatedCategory) values (33, 8, true);
insert into eventCategory (eventId, categoryId, isRelatedCategory) values (232, 8, true);
insert into eventCategory (eventId, categoryId, isRelatedCategory) values (21, 1, false);
insert into eventCategory (eventId, categoryId, isRelatedCategory) values (218, 9, true);
insert into eventCategory (eventId, categoryId, isRelatedCategory) values (141, 5, true);
insert into eventCategory (eventId, categoryId, isRelatedCategory) values (107, 15, false);
insert into eventCategory (eventId, categoryId, isRelatedCategory) values (77, 15, true);
insert into eventCategory (eventId, categoryId, isRelatedCategory) values (31, 7, false);
insert into eventCategory (eventId, categoryId, isRelatedCategory) values (163, 8, true);
insert into eventCategory (eventId, categoryId, isRelatedCategory) values (194, 4, false);
insert into eventCategory (eventId, categoryId, isRelatedCategory) values (171, 14, true);
insert into eventCategory (eventId, categoryId, isRelatedCategory) values (45, 6, false);
insert into eventCategory (eventId, categoryId, isRelatedCategory) values (48, 11, true);
insert into eventCategory (eventId, categoryId, isRelatedCategory) values (232, 8, false);
insert into eventCategory (eventId, categoryId, isRelatedCategory) values (179, 1, true);
insert into eventCategory (eventId, categoryId, isRelatedCategory) values (81, 5, false);
insert into eventCategory (eventId, categoryId, isRelatedCategory) values (137, 1, true);
insert into eventCategory (eventId, categoryId, isRelatedCategory) values (34, 7, true);
insert into eventCategory (eventId, categoryId, isRelatedCategory) values (141, 4, true);
insert into eventCategory (eventId, categoryId, isRelatedCategory) values (201, 11, true);
insert into eventCategory (eventId, categoryId, isRelatedCategory) values (132, 5, false);
insert into eventCategory (eventId, categoryId, isRelatedCategory) values (244, 12, false);
insert into eventCategory (eventId, categoryId, isRelatedCategory) values (217, 15, true);
insert into eventCategory (eventId, categoryId, isRelatedCategory) values (178, 3, true);
insert into eventCategory (eventId, categoryId, isRelatedCategory) values (109, 12, false);
insert into eventCategory (eventId, categoryId, isRelatedCategory) values (226, 8, true);
insert into eventCategory (eventId, categoryId, isRelatedCategory) values (3, 1, false);
insert into eventCategory (eventId, categoryId, isRelatedCategory) values (228, 6, true);
insert into eventCategory (eventId, categoryId, isRelatedCategory) values (147, 1, false);
insert into eventCategory (eventId, categoryId, isRelatedCategory) values (18, 9, true);
insert into eventCategory (eventId, categoryId, isRelatedCategory) values (17, 11, false);
insert into eventCategory (eventId, categoryId, isRelatedCategory) values (65, 8, true);
insert into eventCategory (eventId, categoryId, isRelatedCategory) values (109, 3, true);
insert into eventCategory (eventId, categoryId, isRelatedCategory) values (75, 1, true);
insert into eventCategory (eventId, categoryId, isRelatedCategory) values (42, 7, false);
insert into eventCategory (eventId, categoryId, isRelatedCategory) values (37, 2, false);
insert into eventCategory (eventId, categoryId, isRelatedCategory) values (1, 10, true);
insert into eventCategory (eventId, categoryId, isRelatedCategory) values (172, 14, true);
insert into eventCategory (eventId, categoryId, isRelatedCategory) values (43, 10, false);
insert into eventCategory (eventId, categoryId, isRelatedCategory) values (111, 10, true);
insert into eventCategory (eventId, categoryId, isRelatedCategory) values (183, 11, true);
insert into eventCategory (eventId, categoryId, isRelatedCategory) values (192, 13, true);
insert into eventCategory (eventId, categoryId, isRelatedCategory) values (226, 13, true);
insert into eventCategory (eventId, categoryId, isRelatedCategory) values (91, 3, true);
insert into eventCategory (eventId, categoryId, isRelatedCategory) values (181, 9, false);
insert into eventCategory (eventId, categoryId, isRelatedCategory) values (194, 10, false);
insert into eventCategory (eventId, categoryId, isRelatedCategory) values (137, 13, true);
insert into eventCategory (eventId, categoryId, isRelatedCategory) values (109, 6, false);
insert into eventCategory (eventId, categoryId, isRelatedCategory) values (121, 11, false);
insert into eventCategory (eventId, categoryId, isRelatedCategory) values (106, 5, false);
insert into eventCategory (eventId, categoryId, isRelatedCategory) values (10, 3, true);
insert into eventCategory (eventId, categoryId, isRelatedCategory) values (84, 2, true);
insert into eventCategory (eventId, categoryId, isRelatedCategory) values (46, 11, true);
insert into eventCategory (eventId, categoryId, isRelatedCategory) values (228, 10, false);
insert into eventCategory (eventId, categoryId, isRelatedCategory) values (14, 8, true);
insert into eventCategory (eventId, categoryId, isRelatedCategory) values (141, 13, false);
insert into eventCategory (eventId, categoryId, isRelatedCategory) values (16, 13, true);
insert into eventCategory (eventId, categoryId, isRelatedCategory) values (37, 4, true);
insert into eventCategory (eventId, categoryId, isRelatedCategory) values (130, 3, false);
insert into eventCategory (eventId, categoryId, isRelatedCategory) values (221, 7, false);
insert into eventCategory (eventId, categoryId, isRelatedCategory) values (219, 11, true);
insert into eventCategory (eventId, categoryId, isRelatedCategory) values (49, 8, true);
insert into eventCategory (eventId, categoryId, isRelatedCategory) values (106, 2, true);
insert into eventCategory (eventId, categoryId, isRelatedCategory) values (172, 6, true);
insert into eventCategory (eventId, categoryId, isRelatedCategory) values (57, 9, true);
insert into eventCategory (eventId, categoryId, isRelatedCategory) values (38, 15, true);
insert into eventCategory (eventId, categoryId, isRelatedCategory) values (10, 8, false);
insert into eventCategory (eventId, categoryId, isRelatedCategory) values (248, 15, true);
insert into eventCategory (eventId, categoryId, isRelatedCategory) values (244, 5, false);
insert into eventCategory (eventId, categoryId, isRelatedCategory) values (62, 8, true);
insert into eventCategory (eventId, categoryId, isRelatedCategory) values (38, 13, false);
insert into eventCategory (eventId, categoryId, isRelatedCategory) values (75, 4, true);
insert into eventCategory (eventId, categoryId, isRelatedCategory) values (154, 10, true);
insert into eventCategory (eventId, categoryId, isRelatedCategory) values (243, 13, false);
insert into eventCategory (eventId, categoryId, isRelatedCategory) values (168, 10, false);
insert into eventCategory (eventId, categoryId, isRelatedCategory) values (78, 9, false);
insert into eventCategory (eventId, categoryId, isRelatedCategory) values (248, 9, false);
insert into eventCategory (eventId, categoryId, isRelatedCategory) values (106, 5, true);
insert into eventCategory (eventId, categoryId, isRelatedCategory) values (145, 10, false);
insert into eventCategory (eventId, categoryId, isRelatedCategory) values (185, 2, false);
insert into eventCategory (eventId, categoryId, isRelatedCategory) values (44, 1, true);
insert into eventCategory (eventId, categoryId, isRelatedCategory) values (125, 14, false);
insert into eventCategory (eventId, categoryId, isRelatedCategory) values (206, 7, false);
insert into eventCategory (eventId, categoryId, isRelatedCategory) values (125, 8, true);
insert into eventCategory (eventId, categoryId, isRelatedCategory) values (187, 5, true);
insert into eventCategory (eventId, categoryId, isRelatedCategory) values (209, 13, true);
insert into eventCategory (eventId, categoryId, isRelatedCategory) values (18, 15, true);
insert into eventCategory (eventId, categoryId, isRelatedCategory) values (193, 13, false);
insert into eventCategory (eventId, categoryId, isRelatedCategory) values (109, 8, true);
insert into eventCategory (eventId, categoryId, isRelatedCategory) values (222, 14, true);
insert into eventCategory (eventId, categoryId, isRelatedCategory) values (230, 8, true);
insert into eventCategory (eventId, categoryId, isRelatedCategory) values (134, 1, false);
insert into eventCategory (eventId, categoryId, isRelatedCategory) values (175, 15, false);
insert into eventCategory (eventId, categoryId, isRelatedCategory) values (117, 10, true);
insert into eventCategory (eventId, categoryId, isRelatedCategory) values (230, 3, false);
insert into eventCategory (eventId, categoryId, isRelatedCategory) values (38, 13, false);
insert into eventCategory (eventId, categoryId, isRelatedCategory) values (96, 8, true);
insert into eventCategory (eventId, categoryId, isRelatedCategory) values (135, 9, true);
insert into eventCategory (eventId, categoryId, isRelatedCategory) values (120, 5, false);
insert into eventCategory (eventId, categoryId, isRelatedCategory) values (193, 14, true);
insert into eventCategory (eventId, categoryId, isRelatedCategory) values (80, 10, true);
insert into eventCategory (eventId, categoryId, isRelatedCategory) values (139, 9, false);
insert into eventCategory (eventId, categoryId, isRelatedCategory) values (175, 4, true);
insert into eventCategory (eventId, categoryId, isRelatedCategory) values (147, 3, false);
insert into eventCategory (eventId, categoryId, isRelatedCategory) values (204, 13, false);
insert into eventCategory (eventId, categoryId, isRelatedCategory) values (145, 2, false);
insert into eventCategory (eventId, categoryId, isRelatedCategory) values (85, 4, false);
insert into eventCategory (eventId, categoryId, isRelatedCategory) values (30, 11, false);
insert into eventCategory (eventId, categoryId, isRelatedCategory) values (159, 6, true);
insert into eventCategory (eventId, categoryId, isRelatedCategory) values (36, 10, false);
insert into eventCategory (eventId, categoryId, isRelatedCategory) values (108, 14, true);
insert into eventCategory (eventId, categoryId, isRelatedCategory) values (169, 1, false);
insert into eventCategory (eventId, categoryId, isRelatedCategory) values (248, 7, false);
insert into eventCategory (eventId, categoryId, isRelatedCategory) values (214, 4, false);
insert into eventCategory (eventId, categoryId, isRelatedCategory) values (167, 11, true);
insert into eventCategory (eventId, categoryId, isRelatedCategory) values (227, 3, false);
insert into eventCategory (eventId, categoryId, isRelatedCategory) values (167, 6, true);
insert into eventCategory (eventId, categoryId, isRelatedCategory) values (50, 12, true);
insert into eventCategory (eventId, categoryId, isRelatedCategory) values (190, 4, true);
insert into eventCategory (eventId, categoryId, isRelatedCategory) values (179, 9, true);
insert into eventCategory (eventId, categoryId, isRelatedCategory) values (203, 14, false);
insert into eventCategory (eventId, categoryId, isRelatedCategory) values (79, 12, false);
insert into eventCategory (eventId, categoryId, isRelatedCategory) values (163, 12, false);
insert into eventCategory (eventId, categoryId, isRelatedCategory) values (181, 4, false);
insert into eventCategory (eventId, categoryId, isRelatedCategory) values (2, 10, true);
insert into eventCategory (eventId, categoryId, isRelatedCategory) values (92, 9, true);
insert into eventCategory (eventId, categoryId, isRelatedCategory) values (156, 11, false);
insert into eventCategory (eventId, categoryId, isRelatedCategory) values (5, 14, true);
insert into eventCategory (eventId, categoryId, isRelatedCategory) values (65, 5, true);
insert into eventCategory (eventId, categoryId, isRelatedCategory) values (43, 10, false);
insert into eventCategory (eventId, categoryId, isRelatedCategory) values (133, 14, true);
insert into eventCategory (eventId, categoryId, isRelatedCategory) values (103, 15, false);
insert into eventCategory (eventId, categoryId, isRelatedCategory) values (195, 6, false);
insert into eventCategory (eventId, categoryId, isRelatedCategory) values (224, 13, false);
insert into eventCategory (eventId, categoryId, isRelatedCategory) values (56, 3, true);
insert into eventCategory (eventId, categoryId, isRelatedCategory) values (230, 13, true);
insert into eventCategory (eventId, categoryId, isRelatedCategory) values (125, 4, false);
insert into eventCategory (eventId, categoryId, isRelatedCategory) values (229, 3, true);
insert into eventCategory (eventId, categoryId, isRelatedCategory) values (23, 6, false);
insert into eventCategory (eventId, categoryId, isRelatedCategory) values (67, 13, false);
insert into eventCategory (eventId, categoryId, isRelatedCategory) values (138, 11, true);
insert into eventCategory (eventId, categoryId, isRelatedCategory) values (40, 1, true);
insert into eventCategory (eventId, categoryId, isRelatedCategory) values (77, 4, false);
insert into eventCategory (eventId, categoryId, isRelatedCategory) values (137, 12, true);
insert into eventCategory (eventId, categoryId, isRelatedCategory) values (43, 4, true);
insert into eventCategory (eventId, categoryId, isRelatedCategory) values (78, 3, true);
insert into eventCategory (eventId, categoryId, isRelatedCategory) values (46, 15, false);
insert into eventCategory (eventId, categoryId, isRelatedCategory) values (105, 7, false);
insert into eventCategory (eventId, categoryId, isRelatedCategory) values (243, 2, false);
insert into eventCategory (eventId, categoryId, isRelatedCategory) values (152, 15, true);
insert into eventCategory (eventId, categoryId, isRelatedCategory) values (124, 3, true);
insert into eventCategory (eventId, categoryId, isRelatedCategory) values (2, 13, true);
insert into eventCategory (eventId, categoryId, isRelatedCategory) values (192, 4, true);
insert into eventCategory (eventId, categoryId, isRelatedCategory) values (233, 6, true);
insert into eventCategory (eventId, categoryId, isRelatedCategory) values (132, 2, false);
insert into eventCategory (eventId, categoryId, isRelatedCategory) values (15, 13, false);
insert into eventCategory (eventId, categoryId, isRelatedCategory) values (242, 7, false);
insert into eventCategory (eventId, categoryId, isRelatedCategory) values (33, 9, true);
insert into eventCategory (eventId, categoryId, isRelatedCategory) values (225, 14, false);
insert into eventCategory (eventId, categoryId, isRelatedCategory) values (3, 14, true);
insert into eventCategory (eventId, categoryId, isRelatedCategory) values (23, 2, false);
insert into eventCategory (eventId, categoryId, isRelatedCategory) values (248, 15, true);
insert into eventCategory (eventId, categoryId, isRelatedCategory) values (140, 4, true);
insert into eventCategory (eventId, categoryId, isRelatedCategory) values (107, 10, true);
insert into eventCategory (eventId, categoryId, isRelatedCategory) values (170, 13, true);
insert into eventCategory (eventId, categoryId, isRelatedCategory) values (43, 1, false);
insert into eventCategory (eventId, categoryId, isRelatedCategory) values (11, 12, true);
insert into eventCategory (eventId, categoryId, isRelatedCategory) values (250, 12, false);
insert into eventCategory (eventId, categoryId, isRelatedCategory) values (176, 4, true);
insert into eventCategory (eventId, categoryId, isRelatedCategory) values (176, 2, false);
insert into eventCategory (eventId, categoryId, isRelatedCategory) values (191, 6, false);
insert into eventCategory (eventId, categoryId, isRelatedCategory) values (216, 11, true);
insert into eventCategory (eventId, categoryId, isRelatedCategory) values (225, 6, true);
insert into eventCategory (eventId, categoryId, isRelatedCategory) values (89, 10, false);
insert into eventCategory (eventId, categoryId, isRelatedCategory) values (242, 15, false);
insert into eventCategory (eventId, categoryId, isRelatedCategory) values (223, 8, true);
insert into eventCategory (eventId, categoryId, isRelatedCategory) values (164, 5, false);
insert into eventCategory (eventId, categoryId, isRelatedCategory) values (3, 14, true);
insert into eventCategory (eventId, categoryId, isRelatedCategory) values (33, 9, true);
insert into eventCategory (eventId, categoryId, isRelatedCategory) values (66, 1, false);
insert into eventCategory (eventId, categoryId, isRelatedCategory) values (104, 7, true);
insert into eventCategory (eventId, categoryId, isRelatedCategory) values (103, 12, true);
insert into eventCategory (eventId, categoryId, isRelatedCategory) values (83, 11, false);
insert into eventCategory (eventId, categoryId, isRelatedCategory) values (73, 5, true);
insert into eventCategory (eventId, categoryId, isRelatedCategory) values (102, 6, false);
insert into eventCategory (eventId, categoryId, isRelatedCategory) values (199, 9, true);
insert into eventCategory (eventId, categoryId, isRelatedCategory) values (23, 15, false);
insert into eventCategory (eventId, categoryId, isRelatedCategory) values (36, 12, false);
insert into eventCategory (eventId, categoryId, isRelatedCategory) values (48, 1, true);
insert into eventCategory (eventId, categoryId, isRelatedCategory) values (130, 1, true);
insert into eventCategory (eventId, categoryId, isRelatedCategory) values (121, 2, false);
insert into eventCategory (eventId, categoryId, isRelatedCategory) values (77, 3, false);
insert into eventCategory (eventId, categoryId, isRelatedCategory) values (166, 10, false);
insert into eventCategory (eventId, categoryId, isRelatedCategory) values (70, 3, false);
insert into eventCategory (eventId, categoryId, isRelatedCategory) values (80, 8, false);
insert into eventCategory (eventId, categoryId, isRelatedCategory) values (52, 11, true);
insert into eventCategory (eventId, categoryId, isRelatedCategory) values (172, 5, false);
insert into eventCategory (eventId, categoryId, isRelatedCategory) values (137, 15, false);
insert into eventCategory (eventId, categoryId, isRelatedCategory) values (128, 8, true);
insert into eventCategory (eventId, categoryId, isRelatedCategory) values (210, 7, true);
insert into eventCategory (eventId, categoryId, isRelatedCategory) values (215, 7, true);
insert into eventCategory (eventId, categoryId, isRelatedCategory) values (28, 10, false);
insert into eventCategory (eventId, categoryId, isRelatedCategory) values (199, 10, true);
insert into eventCategory (eventId, categoryId, isRelatedCategory) values (67, 8, true);
insert into eventCategory (eventId, categoryId, isRelatedCategory) values (63, 1, false);
insert into eventCategory (eventId, categoryId, isRelatedCategory) values (224, 11, true);
insert into eventCategory (eventId, categoryId, isRelatedCategory) values (212, 9, false);
insert into eventCategory (eventId, categoryId, isRelatedCategory) values (158, 11, true);
insert into eventCategory (eventId, categoryId, isRelatedCategory) values (117, 13, false);
insert into eventCategory (eventId, categoryId, isRelatedCategory) values (90, 15, true);
insert into eventCategory (eventId, categoryId, isRelatedCategory) values (23, 11, false);
insert into eventCategory (eventId, categoryId, isRelatedCategory) values (91, 13, true);
insert into eventCategory (eventId, categoryId, isRelatedCategory) values (199, 2, true);
insert into eventCategory (eventId, categoryId, isRelatedCategory) values (27, 6, false);
insert into eventCategory (eventId, categoryId, isRelatedCategory) values (104, 1, false);
insert into eventCategory (eventId, categoryId, isRelatedCategory) values (100, 10, false);
insert into eventCategory (eventId, categoryId, isRelatedCategory) values (146, 7, false);
insert into eventCategory (eventId, categoryId, isRelatedCategory) values (42, 4, true);
insert into eventCategory (eventId, categoryId, isRelatedCategory) values (69, 7, true);
insert into eventCategory (eventId, categoryId, isRelatedCategory) values (2, 5, true);
insert into eventCategory (eventId, categoryId, isRelatedCategory) values (140, 9, false);
insert into eventCategory (eventId, categoryId, isRelatedCategory) values (104, 4, true);
insert into eventCategory (eventId, categoryId, isRelatedCategory) values (12, 6, false);
insert into eventCategory (eventId, categoryId, isRelatedCategory) values (1, 10, false);
insert into eventCategory (eventId, categoryId, isRelatedCategory) values (1, 1, true);
insert into eventCategory (eventId, categoryId, isRelatedCategory) values (219, 2, false);
insert into eventCategory (eventId, categoryId, isRelatedCategory) values (2, 3, true);
insert into eventCategory (eventId, categoryId, isRelatedCategory) values (41, 10, true);
insert into eventCategory (eventId, categoryId, isRelatedCategory) values (48, 13, true);
insert into eventCategory (eventId, categoryId, isRelatedCategory) values (210, 8, true);
insert into eventCategory (eventId, categoryId, isRelatedCategory) values (6, 12, true);
insert into eventCategory (eventId, categoryId, isRelatedCategory) values (16, 5, false);
insert into eventCategory (eventId, categoryId, isRelatedCategory) values (207, 9, true);
insert into eventCategory (eventId, categoryId, isRelatedCategory) values (75, 13, true);
insert into eventCategory (eventId, categoryId, isRelatedCategory) values (101, 15, true);
insert into eventCategory (eventId, categoryId, isRelatedCategory) values (68, 8, true);
insert into eventCategory (eventId, categoryId, isRelatedCategory) values (100, 7, true);
insert into eventCategory (eventId, categoryId, isRelatedCategory) values (43, 2, true);
insert into eventCategory (eventId, categoryId, isRelatedCategory) values (220, 1, false);
insert into eventCategory (eventId, categoryId, isRelatedCategory) values (29, 15, false);
insert into eventCategory (eventId, categoryId, isRelatedCategory) values (182, 10, true);
insert into eventCategory (eventId, categoryId, isRelatedCategory) values (128, 8, false);
insert into eventCategory (eventId, categoryId, isRelatedCategory) values (122, 4, false);
insert into eventCategory (eventId, categoryId, isRelatedCategory) values (41, 4, true);
insert into eventCategory (eventId, categoryId, isRelatedCategory) values (186, 9, true);
insert into eventCategory (eventId, categoryId, isRelatedCategory) values (111, 9, true);
insert into eventCategory (eventId, categoryId, isRelatedCategory) values (132, 12, false);
insert into eventCategory (eventId, categoryId, isRelatedCategory) values (210, 4, true);
insert into eventCategory (eventId, categoryId, isRelatedCategory) values (139, 7, false);
insert into eventCategory (eventId, categoryId, isRelatedCategory) values (46, 6, true);
insert into eventCategory (eventId, categoryId, isRelatedCategory) values (183, 2, false);
insert into eventCategory (eventId, categoryId, isRelatedCategory) values (35, 15, false);
insert into eventCategory (eventId, categoryId, isRelatedCategory) values (86, 11, true);
insert into eventCategory (eventId, categoryId, isRelatedCategory) values (132, 15, false);
insert into eventCategory (eventId, categoryId, isRelatedCategory) values (212, 15, false);
insert into eventCategory (eventId, categoryId, isRelatedCategory) values (61, 13, true);
insert into eventCategory (eventId, categoryId, isRelatedCategory) values (234, 5, false);
insert into eventCategory (eventId, categoryId, isRelatedCategory) values (131, 5, true);
insert into eventCategory (eventId, categoryId, isRelatedCategory) values (47, 5, false);
insert into eventCategory (eventId, categoryId, isRelatedCategory) values (228, 2, false);
insert into eventCategory (eventId, categoryId, isRelatedCategory) values (226, 11, false);
insert into eventCategory (eventId, categoryId, isRelatedCategory) values (14, 14, false);
insert into eventCategory (eventId, categoryId, isRelatedCategory) values (188, 11, false);
insert into eventCategory (eventId, categoryId, isRelatedCategory) values (128, 5, false);
insert into eventCategory (eventId, categoryId, isRelatedCategory) values (146, 13, true);
insert into eventCategory (eventId, categoryId, isRelatedCategory) values (181, 12, true);
insert into eventCategory (eventId, categoryId, isRelatedCategory) values (232, 14, true);
insert into eventCategory (eventId, categoryId, isRelatedCategory) values (64, 9, false);
insert into eventCategory (eventId, categoryId, isRelatedCategory) values (150, 14, true);
insert into eventCategory (eventId, categoryId, isRelatedCategory) values (133, 5, true);
insert into eventCategory (eventId, categoryId, isRelatedCategory) values (122, 13, true);
insert into eventCategory (eventId, categoryId, isRelatedCategory) values (58, 3, false);
insert into eventCategory (eventId, categoryId, isRelatedCategory) values (6, 1, true);
insert into eventCategory (eventId, categoryId, isRelatedCategory) values (79, 13, false);
insert into eventCategory (eventId, categoryId, isRelatedCategory) values (177, 5, true);
insert into eventCategory (eventId, categoryId, isRelatedCategory) values (147, 12, false);
insert into eventCategory (eventId, categoryId, isRelatedCategory) values (170, 2, false);
insert into eventCategory (eventId, categoryId, isRelatedCategory) values (7, 4, false);
insert into eventCategory (eventId, categoryId, isRelatedCategory) values (110, 12, true);
insert into eventCategory (eventId, categoryId, isRelatedCategory) values (95, 5, true);
insert into eventCategory (eventId, categoryId, isRelatedCategory) values (69, 10, false);
insert into eventCategory (eventId, categoryId, isRelatedCategory) values (102, 9, true);
insert into eventCategory (eventId, categoryId, isRelatedCategory) values (17, 2, true);
insert into eventCategory (eventId, categoryId, isRelatedCategory) values (236, 8, false);
insert into eventCategory (eventId, categoryId, isRelatedCategory) values (167, 13, false);
insert into eventCategory (eventId, categoryId, isRelatedCategory) values (40, 7, true);
insert into eventCategory (eventId, categoryId, isRelatedCategory) values (129, 3, false);
insert into eventCategory (eventId, categoryId, isRelatedCategory) values (7, 1, true);
insert into eventCategory (eventId, categoryId, isRelatedCategory) values (140, 8, true);
insert into eventCategory (eventId, categoryId, isRelatedCategory) values (48, 14, false);
insert into eventCategory (eventId, categoryId, isRelatedCategory) values (176, 6, false);
insert into eventCategory (eventId, categoryId, isRelatedCategory) values (119, 7, false);
insert into eventCategory (eventId, categoryId, isRelatedCategory) values (89, 2, true);
insert into eventCategory (eventId, categoryId, isRelatedCategory) values (213, 12, true);
insert into eventCategory (eventId, categoryId, isRelatedCategory) values (12, 15, true);
insert into eventCategory (eventId, categoryId, isRelatedCategory) values (12, 10, true);
insert into eventCategory (eventId, categoryId, isRelatedCategory) values (133, 14, false);
insert into eventCategory (eventId, categoryId, isRelatedCategory) values (35, 5, false);
insert into eventCategory (eventId, categoryId, isRelatedCategory) values (103, 14, false);
insert into eventCategory (eventId, categoryId, isRelatedCategory) values (187, 14, true);
insert into eventCategory (eventId, categoryId, isRelatedCategory) values (35, 6, true);
insert into eventCategory (eventId, categoryId, isRelatedCategory) values (97, 11, false);
insert into eventCategory (eventId, categoryId, isRelatedCategory) values (111, 12, false);
insert into eventCategory (eventId, categoryId, isRelatedCategory) values (182, 2, false);
insert into eventCategory (eventId, categoryId, isRelatedCategory) values (206, 15, true);
insert into eventCategory (eventId, categoryId, isRelatedCategory) values (205, 9, false);
insert into eventCategory (eventId, categoryId, isRelatedCategory) values (143, 7, true);
insert into eventCategory (eventId, categoryId, isRelatedCategory) values (113, 14, true);
insert into eventCategory (eventId, categoryId, isRelatedCategory) values (219, 1, true);
insert into eventCategory (eventId, categoryId, isRelatedCategory) values (102, 5, false);
insert into eventCategory (eventId, categoryId, isRelatedCategory) values (7, 8, true);
insert into eventCategory (eventId, categoryId, isRelatedCategory) values (72, 10, true);
insert into eventCategory (eventId, categoryId, isRelatedCategory) values (150, 12, false);
insert into eventCategory (eventId, categoryId, isRelatedCategory) values (203, 6, false);
insert into eventCategory (eventId, categoryId, isRelatedCategory) values (36, 4, true);
insert into eventCategory (eventId, categoryId, isRelatedCategory) values (68, 9, true);
insert into eventCategory (eventId, categoryId, isRelatedCategory) values (83, 6, true);
insert into eventCategory (eventId, categoryId, isRelatedCategory) values (173, 12, false);
insert into eventCategory (eventId, categoryId, isRelatedCategory) values (199, 11, false);
insert into eventCategory (eventId, categoryId, isRelatedCategory) values (41, 3, false);
insert into eventCategory (eventId, categoryId, isRelatedCategory) values (203, 5, true);
insert into eventCategory (eventId, categoryId, isRelatedCategory) values (185, 10, false);
insert into eventCategory (eventId, categoryId, isRelatedCategory) values (48, 12, false);
insert into eventCategory (eventId, categoryId, isRelatedCategory) values (31, 9, true);
insert into eventCategory (eventId, categoryId, isRelatedCategory) values (89, 11, true);
insert into eventCategory (eventId, categoryId, isRelatedCategory) values (208, 2, true);
insert into eventCategory (eventId, categoryId, isRelatedCategory) values (218, 6, true);
insert into eventCategory (eventId, categoryId, isRelatedCategory) values (186, 6, false);
insert into eventCategory (eventId, categoryId, isRelatedCategory) values (41, 6, false);
insert into eventCategory (eventId, categoryId, isRelatedCategory) values (146, 10, false);
insert into eventCategory (eventId, categoryId, isRelatedCategory) values (222, 3, true);
insert into eventCategory (eventId, categoryId, isRelatedCategory) values (89, 3, true);
insert into eventCategory (eventId, categoryId, isRelatedCategory) values (19, 6, true);
insert into eventCategory (eventId, categoryId, isRelatedCategory) values (229, 12, false);
insert into eventCategory (eventId, categoryId, isRelatedCategory) values (165, 13, false);
insert into eventCategory (eventId, categoryId, isRelatedCategory) values (183, 7, false);
insert into eventCategory (eventId, categoryId, isRelatedCategory) values (103, 8, false);
insert into eventCategory (eventId, categoryId, isRelatedCategory) values (154, 10, false);
insert into eventCategory (eventId, categoryId, isRelatedCategory) values (248, 3, true);
insert into eventCategory (eventId, categoryId, isRelatedCategory) values (177, 5, true);
insert into eventCategory (eventId, categoryId, isRelatedCategory) values (108, 2, true);
insert into eventCategory (eventId, categoryId, isRelatedCategory) values (235, 3, false);
insert into eventCategory (eventId, categoryId, isRelatedCategory) values (14, 3, false);
insert into eventCategory (eventId, categoryId, isRelatedCategory) values (200, 11, false);
insert into eventCategory (eventId, categoryId, isRelatedCategory) values (35, 12, true);
insert into eventCategory (eventId, categoryId, isRelatedCategory) values (106, 13, false);
insert into eventCategory (eventId, categoryId, isRelatedCategory) values (33, 7, false);
insert into eventCategory (eventId, categoryId, isRelatedCategory) values (72, 5, true);
insert into eventCategory (eventId, categoryId, isRelatedCategory) values (66, 15, true);
insert into eventCategory (eventId, categoryId, isRelatedCategory) values (160, 6, false);
insert into eventCategory (eventId, categoryId, isRelatedCategory) values (97, 12, true);
insert into eventCategory (eventId, categoryId, isRelatedCategory) values (229, 8, true);
insert into eventCategory (eventId, categoryId, isRelatedCategory) values (48, 10, false);
insert into eventCategory (eventId, categoryId, isRelatedCategory) values (58, 2, false);
insert into eventCategory (eventId, categoryId, isRelatedCategory) values (225, 7, true);
insert into eventCategory (eventId, categoryId, isRelatedCategory) values (217, 8, false);
insert into eventCategory (eventId, categoryId, isRelatedCategory) values (159, 8, false);
insert into eventCategory (eventId, categoryId, isRelatedCategory) values (46, 15, true);
insert into eventCategory (eventId, categoryId, isRelatedCategory) values (19, 12, true);
insert into eventCategory (eventId, categoryId, isRelatedCategory) values (11, 8, false);
insert into eventCategory (eventId, categoryId, isRelatedCategory) values (224, 15, true);
insert into eventCategory (eventId, categoryId, isRelatedCategory) values (10, 10, false);
insert into eventCategory (eventId, categoryId, isRelatedCategory) values (77, 7, true);
insert into eventCategory (eventId, categoryId, isRelatedCategory) values (222, 15, false);
insert into eventCategory (eventId, categoryId, isRelatedCategory) values (205, 7, false);
insert into eventCategory (eventId, categoryId, isRelatedCategory) values (72, 13, true);
insert into eventCategory (eventId, categoryId, isRelatedCategory) values (122, 5, false);
insert into eventCategory (eventId, categoryId, isRelatedCategory) values (155, 11, true);
insert into eventCategory (eventId, categoryId, isRelatedCategory) values (227, 12, false);
insert into eventCategory (eventId, categoryId, isRelatedCategory) values (125, 3, false);
insert into eventCategory (eventId, categoryId, isRelatedCategory) values (197, 5, true);
insert into eventCategory (eventId, categoryId, isRelatedCategory) values (107, 11, false);
insert into eventCategory (eventId, categoryId, isRelatedCategory) values (147, 5, true);
insert into eventCategory (eventId, categoryId, isRelatedCategory) values (186, 13, true);
insert into eventCategory (eventId, categoryId, isRelatedCategory) values (178, 12, false);
insert into eventCategory (eventId, categoryId, isRelatedCategory) values (77, 11, false);
insert into eventCategory (eventId, categoryId, isRelatedCategory) values (130, 8, false);
insert into eventCategory (eventId, categoryId, isRelatedCategory) values (97, 10, false);
insert into eventCategory (eventId, categoryId, isRelatedCategory) values (226, 6, true);
insert into eventCategory (eventId, categoryId, isRelatedCategory) values (250, 9, true);
insert into eventCategory (eventId, categoryId, isRelatedCategory) values (24, 6, true);
insert into eventCategory (eventId, categoryId, isRelatedCategory) values (150, 8, true);
insert into eventCategory (eventId, categoryId, isRelatedCategory) values (89, 2, false);
insert into eventCategory (eventId, categoryId, isRelatedCategory) values (46, 10, false);
insert into eventCategory (eventId, categoryId, isRelatedCategory) values (146, 13, true);
insert into eventCategory (eventId, categoryId, isRelatedCategory) values (53, 15, false);
insert into eventCategory (eventId, categoryId, isRelatedCategory) values (29, 6, true);
insert into eventCategory (eventId, categoryId, isRelatedCategory) values (116, 6, false);
insert into eventCategory (eventId, categoryId, isRelatedCategory) values (51, 11, false);
insert into eventCategory (eventId, categoryId, isRelatedCategory) values (160, 11, true);
insert into eventCategory (eventId, categoryId, isRelatedCategory) values (36, 13, false);
insert into eventCategory (eventId, categoryId, isRelatedCategory) values (57, 6, true);
insert into eventCategory (eventId, categoryId, isRelatedCategory) values (75, 9, true);
insert into eventCategory (eventId, categoryId, isRelatedCategory) values (105, 14, true);
insert into eventCategory (eventId, categoryId, isRelatedCategory) values (193, 3, true);
insert into eventCategory (eventId, categoryId, isRelatedCategory) values (120, 12, false);
insert into eventCategory (eventId, categoryId, isRelatedCategory) values (125, 10, false);
insert into eventCategory (eventId, categoryId, isRelatedCategory) values (234, 8, false);
insert into eventCategory (eventId, categoryId, isRelatedCategory) values (151, 10, true);
insert into eventCategory (eventId, categoryId, isRelatedCategory) values (87, 10, true);
insert into eventCategory (eventId, categoryId, isRelatedCategory) values (112, 6, true);
insert into eventCategory (eventId, categoryId, isRelatedCategory) values (33, 9, false);
insert into eventCategory (eventId, categoryId, isRelatedCategory) values (105, 11, false);
insert into eventCategory (eventId, categoryId, isRelatedCategory) values (181, 3, true);
insert into eventCategory (eventId, categoryId, isRelatedCategory) values (75, 2, true);
insert into eventCategory (eventId, categoryId, isRelatedCategory) values (145, 15, true);
insert into eventCategory (eventId, categoryId, isRelatedCategory) values (35, 11, false);
insert into eventCategory (eventId, categoryId, isRelatedCategory) values (76, 9, false);
insert into eventCategory (eventId, categoryId, isRelatedCategory) values (167, 2, false);
insert into eventCategory (eventId, categoryId, isRelatedCategory) values (234, 14, false);
insert into eventCategory (eventId, categoryId, isRelatedCategory) values (50, 13, false);
insert into eventCategory (eventId, categoryId, isRelatedCategory) values (208, 11, true);
insert into eventCategory (eventId, categoryId, isRelatedCategory) values (22, 2, true);
insert into eventCategory (eventId, categoryId, isRelatedCategory) values (108, 7, true);
insert into eventCategory (eventId, categoryId, isRelatedCategory) values (140, 14, false);
insert into eventCategory (eventId, categoryId, isRelatedCategory) values (197, 12, false);
insert into eventCategory (eventId, categoryId, isRelatedCategory) values (113, 9, false);
insert into eventCategory (eventId, categoryId, isRelatedCategory) values (186, 12, true);
insert into eventCategory (eventId, categoryId, isRelatedCategory) values (127, 7, true);
insert into eventCategory (eventId, categoryId, isRelatedCategory) values (165, 10, true);
insert into eventCategory (eventId, categoryId, isRelatedCategory) values (63, 3, true);
insert into eventCategory (eventId, categoryId, isRelatedCategory) values (214, 1, false);
insert into eventCategory (eventId, categoryId, isRelatedCategory) values (59, 10, false);
insert into eventCategory (eventId, categoryId, isRelatedCategory) values (97, 13, false);
insert into eventCategory (eventId, categoryId, isRelatedCategory) values (7, 6, true);
insert into eventCategory (eventId, categoryId, isRelatedCategory) values (205, 8, true);
insert into eventCategory (eventId, categoryId, isRelatedCategory) values (13, 5, true);
insert into eventCategory (eventId, categoryId, isRelatedCategory) values (63, 1, false);
insert into eventCategory (eventId, categoryId, isRelatedCategory) values (97, 3, false);
insert into eventCategory (eventId, categoryId, isRelatedCategory) values (171, 2, true);
insert into eventCategory (eventId, categoryId, isRelatedCategory) values (58, 7, true);
insert into eventCategory (eventId, categoryId, isRelatedCategory) values (162, 8, true);
insert into eventCategory (eventId, categoryId, isRelatedCategory) values (102, 12, false);
insert into eventCategory (eventId, categoryId, isRelatedCategory) values (105, 10, false);
insert into eventCategory (eventId, categoryId, isRelatedCategory) values (16, 13, true);
insert into eventCategory (eventId, categoryId, isRelatedCategory) values (105, 3, true);
insert into eventCategory (eventId, categoryId, isRelatedCategory) values (106, 5, false);
insert into eventCategory (eventId, categoryId, isRelatedCategory) values (68, 2, false);
insert into eventCategory (eventId, categoryId, isRelatedCategory) values (136, 9, false);
insert into eventCategory (eventId, categoryId, isRelatedCategory) values (49, 13, false);
insert into eventCategory (eventId, categoryId, isRelatedCategory) values (15, 2, false);
insert into eventCategory (eventId, categoryId, isRelatedCategory) values (240, 9, false);
insert into eventCategory (eventId, categoryId, isRelatedCategory) values (181, 13, true);
insert into eventCategory (eventId, categoryId, isRelatedCategory) values (144, 8, false);
insert into eventCategory (eventId, categoryId, isRelatedCategory) values (201, 3, false);
insert into eventCategory (eventId, categoryId, isRelatedCategory) values (195, 5, true);
insert into eventCategory (eventId, categoryId, isRelatedCategory) values (66, 13, false);
insert into eventCategory (eventId, categoryId, isRelatedCategory) values (91, 11, false);
insert into eventCategory (eventId, categoryId, isRelatedCategory) values (225, 1, false);
insert into eventCategory (eventId, categoryId, isRelatedCategory) values (86, 15, false);
insert into eventCategory (eventId, categoryId, isRelatedCategory) values (211, 13, false);
insert into eventCategory (eventId, categoryId, isRelatedCategory) values (26, 5, true);
insert into eventCategory (eventId, categoryId, isRelatedCategory) values (104, 11, true);
insert into eventCategory (eventId, categoryId, isRelatedCategory) values (58, 6, false);
insert into eventCategory (eventId, categoryId, isRelatedCategory) values (37, 3, true);
insert into eventCategory (eventId, categoryId, isRelatedCategory) values (157, 3, true);
insert into eventCategory (eventId, categoryId, isRelatedCategory) values (103, 9, false);
insert into eventCategory (eventId, categoryId, isRelatedCategory) values (169, 11, true);
insert into eventCategory (eventId, categoryId, isRelatedCategory) values (25, 15, true);
insert into eventCategory (eventId, categoryId, isRelatedCategory) values (87, 11, false);
insert into eventCategory (eventId, categoryId, isRelatedCategory) values (62, 7, true);
insert into eventCategory (eventId, categoryId, isRelatedCategory) values (194, 3, true);
insert into eventCategory (eventId, categoryId, isRelatedCategory) values (41, 1, true);
insert into eventCategory (eventId, categoryId, isRelatedCategory) values (244, 14, true);
insert into eventCategory (eventId, categoryId, isRelatedCategory) values (106, 5, true);
insert into eventCategory (eventId, categoryId, isRelatedCategory) values (189, 10, false);
insert into eventCategory (eventId, categoryId, isRelatedCategory) values (104, 14, true);
insert into eventCategory (eventId, categoryId, isRelatedCategory) values (60, 13, false);
insert into eventCategory (eventId, categoryId, isRelatedCategory) values (100, 1, true);
insert into eventCategory (eventId, categoryId, isRelatedCategory) values (35, 11, false);
insert into eventCategory (eventId, categoryId, isRelatedCategory) values (137, 8, true);
insert into eventCategory (eventId, categoryId, isRelatedCategory) values (56, 6, false);
insert into eventCategory (eventId, categoryId, isRelatedCategory) values (72, 11, false);
insert into eventCategory (eventId, categoryId, isRelatedCategory) values (28, 6, true);
insert into eventCategory (eventId, categoryId, isRelatedCategory) values (8, 3, false);
insert into eventCategory (eventId, categoryId, isRelatedCategory) values (205, 7, true);
insert into eventCategory (eventId, categoryId, isRelatedCategory) values (11, 5, true);
insert into eventCategory (eventId, categoryId, isRelatedCategory) values (10, 9, true);
insert into eventCategory (eventId, categoryId, isRelatedCategory) values (69, 1, false);
insert into eventCategory (eventId, categoryId, isRelatedCategory) values (182, 6, false);
insert into eventCategory (eventId, categoryId, isRelatedCategory) values (60, 13, true);
insert into eventCategory (eventId, categoryId, isRelatedCategory) values (18, 12, true);
insert into eventCategory (eventId, categoryId, isRelatedCategory) values (211, 10, true);
insert into eventCategory (eventId, categoryId, isRelatedCategory) values (154, 6, true);
insert into eventCategory (eventId, categoryId, isRelatedCategory) values (128, 8, true);
insert into eventCategory (eventId, categoryId, isRelatedCategory) values (169, 5, false);
insert into eventCategory (eventId, categoryId, isRelatedCategory) values (122, 6, true);
insert into eventCategory (eventId, categoryId, isRelatedCategory) values (137, 11, true);
insert into eventCategory (eventId, categoryId, isRelatedCategory) values (116, 13, true);
insert into eventCategory (eventId, categoryId, isRelatedCategory) values (168, 12, true);
insert into eventCategory (eventId, categoryId, isRelatedCategory) values (208, 10, true);
insert into eventCategory (eventId, categoryId, isRelatedCategory) values (55, 14, true);
insert into eventCategory (eventId, categoryId, isRelatedCategory) values (188, 11, false);
insert into eventCategory (eventId, categoryId, isRelatedCategory) values (170, 3, true);
insert into eventCategory (eventId, categoryId, isRelatedCategory) values (237, 7, false);
insert into eventCategory (eventId, categoryId, isRelatedCategory) values (64, 9, false);
insert into eventCategory (eventId, categoryId, isRelatedCategory) values (150, 13, false);
insert into eventCategory (eventId, categoryId, isRelatedCategory) values (212, 13, false);
insert into eventCategory (eventId, categoryId, isRelatedCategory) values (177, 12, true);
insert into eventCategory (eventId, categoryId, isRelatedCategory) values (171, 12, true);
insert into eventCategory (eventId, categoryId, isRelatedCategory) values (34, 11, false);
insert into eventCategory (eventId, categoryId, isRelatedCategory) values (228, 4, true);
insert into eventCategory (eventId, categoryId, isRelatedCategory) values (2, 8, true);
insert into eventCategory (eventId, categoryId, isRelatedCategory) values (141, 12, true);
insert into eventCategory (eventId, categoryId, isRelatedCategory) values (76, 7, true);
insert into eventCategory (eventId, categoryId, isRelatedCategory) values (62, 7, true);
insert into eventCategory (eventId, categoryId, isRelatedCategory) values (157, 7, false);
insert into eventCategory (eventId, categoryId, isRelatedCategory) values (179, 6, true);
insert into eventCategory (eventId, categoryId, isRelatedCategory) values (85, 6, false);
insert into eventCategory (eventId, categoryId, isRelatedCategory) values (50, 5, true);
insert into eventCategory (eventId, categoryId, isRelatedCategory) values (134, 14, false);
insert into eventCategory (eventId, categoryId, isRelatedCategory) values (95, 2, true);
insert into eventCategory (eventId, categoryId, isRelatedCategory) values (148, 6, true);
insert into eventCategory (eventId, categoryId, isRelatedCategory) values (46, 13, true);
insert into eventCategory (eventId, categoryId, isRelatedCategory) values (63, 10, true);
insert into eventCategory (eventId, categoryId, isRelatedCategory) values (22, 7, false);
insert into eventCategory (eventId, categoryId, isRelatedCategory) values (167, 2, true);
insert into eventCategory (eventId, categoryId, isRelatedCategory) values (195, 11, false);
insert into eventCategory (eventId, categoryId, isRelatedCategory) values (90, 5, false);
insert into eventCategory (eventId, categoryId, isRelatedCategory) values (158, 5, false);
insert into eventCategory (eventId, categoryId, isRelatedCategory) values (103, 9, false);
insert into eventCategory (eventId, categoryId, isRelatedCategory) values (41, 3, false);
insert into eventCategory (eventId, categoryId, isRelatedCategory) values (55, 11, false);
insert into eventCategory (eventId, categoryId, isRelatedCategory) values (228, 4, false);
insert into eventCategory (eventId, categoryId, isRelatedCategory) values (131, 4, false);
insert into eventCategory (eventId, categoryId, isRelatedCategory) values (59, 11, true);
insert into eventCategory (eventId, categoryId, isRelatedCategory) values (59, 15, false);
insert into eventCategory (eventId, categoryId, isRelatedCategory) values (58, 6, true);
insert into eventCategory (eventId, categoryId, isRelatedCategory) values (173, 11, true);
insert into eventCategory (eventId, categoryId, isRelatedCategory) values (191, 14, true);
insert into eventCategory (eventId, categoryId, isRelatedCategory) values (97, 10, false);
insert into eventCategory (eventId, categoryId, isRelatedCategory) values (176, 9, false);
insert into eventCategory (eventId, categoryId, isRelatedCategory) values (166, 8, false);
insert into eventCategory (eventId, categoryId, isRelatedCategory) values (229, 14, false);
insert into eventCategory (eventId, categoryId, isRelatedCategory) values (170, 15, false);
insert into eventCategory (eventId, categoryId, isRelatedCategory) values (153, 14, false);
insert into eventCategory (eventId, categoryId, isRelatedCategory) values (50, 13, false);
insert into eventCategory (eventId, categoryId, isRelatedCategory) values (170, 11, true);
insert into eventCategory (eventId, categoryId, isRelatedCategory) values (208, 1, true);
insert into eventCategory (eventId, categoryId, isRelatedCategory) values (223, 5, false);
insert into eventCategory (eventId, categoryId, isRelatedCategory) values (57, 5, true);
insert into eventCategory (eventId, categoryId, isRelatedCategory) values (45, 6, false);
insert into eventCategory (eventId, categoryId, isRelatedCategory) values (162, 10, true);
insert into eventCategory (eventId, categoryId, isRelatedCategory) values (132, 10, false);
insert into eventCategory (eventId, categoryId, isRelatedCategory) values (36, 11, false);
insert into eventCategory (eventId, categoryId, isRelatedCategory) values (245, 7, false);
insert into eventCategory (eventId, categoryId, isRelatedCategory) values (90, 10, false);
insert into eventCategory (eventId, categoryId, isRelatedCategory) values (124, 13, false);
insert into eventCategory (eventId, categoryId, isRelatedCategory) values (221, 2, false);
insert into eventCategory (eventId, categoryId, isRelatedCategory) values (4, 12, false);
insert into eventCategory (eventId, categoryId, isRelatedCategory) values (244, 12, false);
insert into eventCategory (eventId, categoryId, isRelatedCategory) values (242, 12, true);
insert into eventCategory (eventId, categoryId, isRelatedCategory) values (242, 3, false);
insert into eventCategory (eventId, categoryId, isRelatedCategory) values (189, 5, true);
insert into eventCategory (eventId, categoryId, isRelatedCategory) values (245, 6, false);
insert into eventCategory (eventId, categoryId, isRelatedCategory) values (148, 4, false);
insert into eventCategory (eventId, categoryId, isRelatedCategory) values (206, 14, false);
insert into eventCategory (eventId, categoryId, isRelatedCategory) values (119, 3, true);
insert into eventCategory (eventId, categoryId, isRelatedCategory) values (227, 2, false);
insert into eventCategory (eventId, categoryId, isRelatedCategory) values (3, 11, false);
insert into eventCategory (eventId, categoryId, isRelatedCategory) values (8, 2, true);
insert into eventCategory (eventId, categoryId, isRelatedCategory) values (247, 15, false);
insert into eventCategory (eventId, categoryId, isRelatedCategory) values (221, 12, true);
insert into eventCategory (eventId, categoryId, isRelatedCategory) values (67, 12, true);
insert into eventCategory (eventId, categoryId, isRelatedCategory) values (175, 3, true);
insert into eventCategory (eventId, categoryId, isRelatedCategory) values (89, 12, true);
insert into eventCategory (eventId, categoryId, isRelatedCategory) values (88, 15, true);
insert into eventCategory (eventId, categoryId, isRelatedCategory) values (185, 11, true);
insert into eventCategory (eventId, categoryId, isRelatedCategory) values (47, 3, false);
insert into eventCategory (eventId, categoryId, isRelatedCategory) values (115, 7, false);
insert into eventCategory (eventId, categoryId, isRelatedCategory) values (201, 2, true);
insert into eventCategory (eventId, categoryId, isRelatedCategory) values (154, 9, false);
insert into eventCategory (eventId, categoryId, isRelatedCategory) values (237, 9, true);
insert into eventCategory (eventId, categoryId, isRelatedCategory) values (85, 14, false);
insert into eventCategory (eventId, categoryId, isRelatedCategory) values (14, 11, true);
insert into eventCategory (eventId, categoryId, isRelatedCategory) values (94, 7, false);
insert into eventCategory (eventId, categoryId, isRelatedCategory) values (38, 1, false);
insert into eventCategory (eventId, categoryId, isRelatedCategory) values (201, 13, true);
insert into eventCategory (eventId, categoryId, isRelatedCategory) values (116, 4, true);
insert into eventCategory (eventId, categoryId, isRelatedCategory) values (236, 15, true);
insert into eventCategory (eventId, categoryId, isRelatedCategory) values (107, 12, false);
insert into eventCategory (eventId, categoryId, isRelatedCategory) values (67, 2, true);
insert into eventCategory (eventId, categoryId, isRelatedCategory) values (14, 6, false);
insert into eventCategory (eventId, categoryId, isRelatedCategory) values (133, 10, false);
insert into eventCategory (eventId, categoryId, isRelatedCategory) values (73, 6, false);
insert into eventCategory (eventId, categoryId, isRelatedCategory) values (104, 15, true);
insert into eventCategory (eventId, categoryId, isRelatedCategory) values (155, 6, true);
insert into eventCategory (eventId, categoryId, isRelatedCategory) values (151, 14, false);
insert into eventCategory (eventId, categoryId, isRelatedCategory) values (231, 1, true);
insert into eventCategory (eventId, categoryId, isRelatedCategory) values (93, 2, false);
insert into eventCategory (eventId, categoryId, isRelatedCategory) values (171, 12, true);
insert into eventCategory (eventId, categoryId, isRelatedCategory) values (170, 2, true);
insert into eventCategory (eventId, categoryId, isRelatedCategory) values (230, 8, false);
insert into eventCategory (eventId, categoryId, isRelatedCategory) values (167, 2, true);
insert into eventCategory (eventId, categoryId, isRelatedCategory) values (141, 2, true);
insert into eventCategory (eventId, categoryId, isRelatedCategory) values (76, 12, false);
insert into eventCategory (eventId, categoryId, isRelatedCategory) values (188, 5, false);
insert into eventCategory (eventId, categoryId, isRelatedCategory) values (214, 9, false);
insert into eventCategory (eventId, categoryId, isRelatedCategory) values (171, 6, false);
insert into eventCategory (eventId, categoryId, isRelatedCategory) values (94, 10, false);
insert into eventCategory (eventId, categoryId, isRelatedCategory) values (114, 12, false);
insert into eventCategory (eventId, categoryId, isRelatedCategory) values (81, 5, true);
insert into eventCategory (eventId, categoryId, isRelatedCategory) values (201, 15, true);
insert into eventCategory (eventId, categoryId, isRelatedCategory) values (205, 11, false);
insert into eventCategory (eventId, categoryId, isRelatedCategory) values (41, 6, false);
insert into eventCategory (eventId, categoryId, isRelatedCategory) values (167, 7, true);
insert into eventCategory (eventId, categoryId, isRelatedCategory) values (214, 9, true);
insert into eventCategory (eventId, categoryId, isRelatedCategory) values (178, 9, true);
insert into eventCategory (eventId, categoryId, isRelatedCategory) values (167, 4, false);
insert into eventCategory (eventId, categoryId, isRelatedCategory) values (82, 5, false);
insert into eventCategory (eventId, categoryId, isRelatedCategory) values (111, 3, true);
insert into eventCategory (eventId, categoryId, isRelatedCategory) values (166, 14, true);
insert into eventCategory (eventId, categoryId, isRelatedCategory) values (164, 2, false);
insert into eventCategory (eventId, categoryId, isRelatedCategory) values (224, 6, false);
insert into eventCategory (eventId, categoryId, isRelatedCategory) values (234, 8, false);
insert into eventCategory (eventId, categoryId, isRelatedCategory) values (226, 1, false);
insert into eventCategory (eventId, categoryId, isRelatedCategory) values (16, 10, false);
insert into eventCategory (eventId, categoryId, isRelatedCategory) values (190, 5, false);
insert into eventCategory (eventId, categoryId, isRelatedCategory) values (81, 4, false);
insert into eventCategory (eventId, categoryId, isRelatedCategory) values (235, 13, false);
insert into eventCategory (eventId, categoryId, isRelatedCategory) values (78, 10, false);
insert into eventCategory (eventId, categoryId, isRelatedCategory) values (80, 5, false);
insert into eventCategory (eventId, categoryId, isRelatedCategory) values (108, 6, false);
insert into eventCategory (eventId, categoryId, isRelatedCategory) values (23, 11, true);
insert into eventCategory (eventId, categoryId, isRelatedCategory) values (168, 10, true);

UPDATE `gtc`.`category` SET `categoryName`='Newcome & Settlement Services' WHERE `categoryId`='1';
UPDATE `gtc`.`category` SET `categoryName`='Queer and Trans Family Events' WHERE `categoryId`='2';
UPDATE `gtc`.`category` SET `categoryName`='Family Resource Centre Drop-In Programs' WHERE `categoryId`='3';
UPDATE `gtc`.`category` SET `categoryName`='Older LGBTQ Drop-In' WHERE `categoryId`='4';
UPDATE `gtc`.`category` SET `categoryName`='Housing Support for LGBTQ Youth' WHERE `categoryId`='5';
UPDATE `gtc`.`category` SET `categoryName`='Trans Youth Programs' WHERE `categoryId`='6';
UPDATE `gtc`.`category` SET `categoryName`='Meal Trans' WHERE `categoryId`='7';
UPDATE `gtc`.`category` SET `categoryName`='Sunday Drop-In' WHERE `categoryId`='8';
UPDATE `gtc`.`category` SET `categoryName`='Volunteering at The 519' WHERE `categoryId`='9';
UPDATE `gtc`.`category` SET `categoryName`='Green Space Festival' WHERE `categoryId`='10';
UPDATE `gtc`.`category` SET `categoryName`='Special Events at The 519' WHERE `categoryId`='11';
