/* Member */
insert into member (dbIndex, memberCardNumber, memberId, apartmentNumber, streetNumber, street, city, provinceState, country, postalCode, phone, firstName, lastName, email, membershipType, birthdate, inCatchment, dateCreated, testimony) values (1, 9470973.8275421, 'bd425801-5013-4df8-a75d-f4500fcd02a4', '9877', '36482', '839 Fremont Circle', 'Chicago', 'IL', 'United States', '60619', '7734342996', 'Alain', 'Dumingo', 'adumingo0@netlog.com', 2, '2017-08-03 16:24:36', true, '2017-04-15 04:36:18', 'optimize B2B convergence');
insert into member (dbIndex, memberCardNumber, memberId, apartmentNumber, streetNumber, street, city, provinceState, country, postalCode, phone, firstName, lastName, email, membershipType, birthdate, inCatchment, dateCreated, testimony) values (2, 5368208.899317, 'd73af61f-f22c-44be-b863-58261b1b6d0b', '1540', '25221', '3811 Oak Valley Drive', 'Canton', 'OH', 'United States', '44760', '3303960498', 'Loren', 'Weaver', 'lweaver1@nhs.uk', 1, '2017-08-21 20:37:06', false, '2017-01-20 08:03:08', 'envisioneer visionary metrics');
insert into member (dbIndex, memberCardNumber, memberId, apartmentNumber, streetNumber, street, city, provinceState, country, postalCode, phone, firstName, lastName, email, membershipType, birthdate, inCatchment, dateCreated, testimony) values (3, 5019015.9228018, '2618893a-291b-4002-802b-2094f650c686', '7868', '5', '88 Southridge Road', 'Alexandria', 'VA', 'United States', '22301', '7034917130', 'Netty', 'Shovelton', 'nshovelton2@xinhuanet.com', 1, '2017-02-27 11:26:16', false, '2017-04-23 11:39:21', 'engineer value-added channels');
insert into member (dbIndex, memberCardNumber, memberId, apartmentNumber, streetNumber, street, city, provinceState, country, postalCode, phone, firstName, lastName, email, membershipType, birthdate, inCatchment, dateCreated, testimony) values (4, 2670167.1444603, 'b8527620-0076-4836-8a3f-dcf3009747f5', '843', '35274', '1 North Place', 'Norfolk', 'VA', 'United States', '23514', '7578903894', 'Anselm', 'Veal', 'aveal3@ed.gov', 4, '2017-06-06 03:09:55', true, '2017-08-16 21:11:03', 'innovate interactive technologies');
insert into member (dbIndex, memberCardNumber, memberId, apartmentNumber, streetNumber, street, city, provinceState, country, postalCode, phone, firstName, lastName, email, membershipType, birthdate, inCatchment, dateCreated, testimony) values (5, 9739494.127064, '6b6b1168-3b19-419a-8e96-5ed0849e7877', '43012', '5663', '87383 Aberg Terrace', 'San Antonio', 'TX', 'United States', '78225', '2104779455', 'Eve', 'Worsalls', 'eworsalls4@goo.gl', 4, '2017-05-08 14:35:44', false, '2016-11-25 14:22:21', 'envisioneer innovative convergence');
insert into member (dbIndex, memberCardNumber, memberId, apartmentNumber, streetNumber, street, city, provinceState, country, postalCode, phone, firstName, lastName, email, membershipType, birthdate, inCatchment, dateCreated, testimony) values (6, 9300898.8396157, 'f6243cae-7ec5-48b6-b243-a1b74eb70b6d', '6200', '59832', '38917 Banding Alley', 'Atlanta', 'GA', 'United States', '31132', '4049988291', 'Kimmi', 'Scutchings', 'kscutchings5@apple.com', 1, '2017-05-20 12:39:50', true, '2017-03-02 04:31:09', 'target compelling e-commerce');
insert into member (dbIndex, memberCardNumber, memberId, apartmentNumber, streetNumber, street, city, provinceState, country, postalCode, phone, firstName, lastName, email, membershipType, birthdate, inCatchment, dateCreated, testimony) values (7, 1065365.9111001, 'e928dfaf-97ff-4b66-83ff-b39ca1c075b9', '61', '5938', '03 Kingsford Hill', 'Round Rock', 'TX', 'United States', '78682', '5128948408', 'Helge', 'McGraffin', 'hmcgraffin6@amazonaws.com', 4, '2016-12-01 17:04:11', false, '2017-10-18 02:00:21', 'reintermediate 24/365 convergence');
insert into member (dbIndex, memberCardNumber, memberId, apartmentNumber, streetNumber, street, city, provinceState, country, postalCode, phone, firstName, lastName, email, membershipType, birthdate, inCatchment, dateCreated, testimony) values (8, 7352072.8766322, 'dedc9688-0c1c-4231-abc9-2870e16e8d8b', '62', '20721', '89705 North Parkway', 'Tacoma', 'WA', 'United States', '98405', '2538739302', 'Xena', 'Haburne', 'xhaburne7@reuters.com', 4, '2016-12-18 13:41:40', false, '2017-01-23 17:22:48', 'whiteboard strategic e-markets');
insert into member (dbIndex, memberCardNumber, memberId, apartmentNumber, streetNumber, street, city, provinceState, country, postalCode, phone, firstName, lastName, email, membershipType, birthdate, inCatchment, dateCreated, testimony) values (9, 7876092.4499793, '31990adb-c0b9-4fc1-b8f3-eff1c22a9418', '5', '6', '6853 Westridge Court', 'Beaumont', 'TX', 'United States', '77713', '4099690901', 'Arnaldo', 'Boater', 'aboater8@pagesperso-orange.fr', 2, '2017-04-08 15:53:52', true, '2017-03-04 05:44:46', 'benchmark efficient channels');
insert into member (dbIndex, memberCardNumber, memberId, apartmentNumber, streetNumber, street, city, provinceState, country, postalCode, phone, firstName, lastName, email, membershipType, birthdate, inCatchment, dateCreated, testimony) values (10, 6837359.2699994, 'cd14b71c-64fb-47b1-859c-bc9d2e916e85', '81820', '3', '57 Lerdahl Place', 'Reno', 'NV', 'United States', '89595', '7752468864', 'Jyoti', 'Kenealy', 'jkenealy9@seattletimes.com', 3, '2017-04-06 08:42:59', true, '2017-08-22 00:34:46', 'iterate frictionless supply-chains');
insert into member (dbIndex, memberCardNumber, memberId, apartmentNumber, streetNumber, street, city, provinceState, country, postalCode, phone, firstName, lastName, email, membershipType, birthdate, inCatchment, dateCreated, testimony) values (11, 9558694.7023328, '8e325574-c95b-431e-a131-65f9cbb5cb2c', '1933', '21', '641 Algoma Road', 'Albuquerque', 'NM', 'United States', '87190', '5051950801', 'Cos', 'Blunsom', 'cblunsoma@shareasale.com', 1, '2017-06-24 08:05:56', false, '2017-08-17 10:35:01', 'revolutionize granular synergies');
insert into member (dbIndex, memberCardNumber, memberId, apartmentNumber, streetNumber, street, city, provinceState, country, postalCode, phone, firstName, lastName, email, membershipType, birthdate, inCatchment, dateCreated, testimony) values (12, 5309806.3823039, 'c8cba5fb-1404-4849-9472-d943f9bdb515', '9', '86', '627 Coolidge Lane', 'Tallahassee', 'FL', 'United States', '32314', '8509793595', 'Della', 'Stedman', 'dstedmanb@msu.edu', 3, '2016-11-28 19:07:41', false, '2017-08-17 06:52:26', 'seize real-time action-items');
insert into member (dbIndex, memberCardNumber, memberId, apartmentNumber, streetNumber, street, city, provinceState, country, postalCode, phone, firstName, lastName, email, membershipType, birthdate, inCatchment, dateCreated, testimony) values (13, 4013297.5529072, '56e9a3d1-d1ff-4a6a-9dea-bd4e4c144d27', '888', '5', '813 Northport Alley', 'Arlington', 'TX', 'United States', '76011', '6822136146', 'Reade', 'Margrie', 'rmargriec@pen.io', 3, '2017-09-13 02:40:59', false, '2017-09-12 04:55:50', 'repurpose transparent relationships');
insert into member (dbIndex, memberCardNumber, memberId, apartmentNumber, streetNumber, street, city, provinceState, country, postalCode, phone, firstName, lastName, email, membershipType, birthdate, inCatchment, dateCreated, testimony) values (14, 2799243.4941644, '35bdf5f7-d2e3-4e98-97e7-9ac2698ef35d', '88066', '41', '3304 Service Junction', 'Fargo', 'ND', 'United States', '58106', '7013029368', 'Sorcha', 'MacPhee', 'smacpheed@biglobe.ne.jp', 1, '2017-07-02 21:56:47', true, '2017-09-12 10:43:47', 'transform one-to-one portals');
insert into member (dbIndex, memberCardNumber, memberId, apartmentNumber, streetNumber, street, city, provinceState, country, postalCode, phone, firstName, lastName, email, membershipType, birthdate, inCatchment, dateCreated, testimony) values (15, 2700463.5351059, '13ac1a41-dce9-4865-9084-ffc064e29d6e', '9255', '497', '16640 Vera Hill', 'Saint Louis', 'MO', 'United States', '63131', '6368362473', 'Gregoire', 'Riddles', 'griddlese@google.ca', 4, '2017-02-25 00:03:14', false, '2017-09-08 15:56:02', 'target scalable architectures');
insert into member (dbIndex, memberCardNumber, memberId, apartmentNumber, streetNumber, street, city, provinceState, country, postalCode, phone, firstName, lastName, email, membershipType, birthdate, inCatchment, dateCreated, testimony) values (16, 5742251.8749371, '43d7ca71-a925-430c-82ee-9a1ec60c0b3d', '210', '32', '3772 Havey Parkway', 'Everett', 'WA', 'United States', '98206', '4256040454', 'Vin', 'Chasemore', 'vchasemoref@answers.com', 2, '2016-11-25 06:18:36', true, '2017-06-20 06:25:53', 'generate scalable supply-chains');
insert into member (dbIndex, memberCardNumber, memberId, apartmentNumber, streetNumber, street, city, provinceState, country, postalCode, phone, firstName, lastName, email, membershipType, birthdate, inCatchment, dateCreated, testimony) values (17, 4216865.639991, 'b369c821-cf1f-4ba7-93b0-d5e9c7b91f99', '65', '01028', '358 Brickson Park Avenue', 'Duluth', 'GA', 'United States', '30195', '4043964485', 'Vivyanne', 'Cannop', 'vcannopg@a8.net', 4, '2016-11-13 09:26:17', true, '2017-01-28 09:19:55', 'deploy value-added infrastructures');
insert into member (dbIndex, memberCardNumber, memberId, apartmentNumber, streetNumber, street, city, provinceState, country, postalCode, phone, firstName, lastName, email, membershipType, birthdate, inCatchment, dateCreated, testimony) values (18, 1442352.2485821, '0897002d-9ab8-4901-b738-670107057058', '059', '55002', '87 Autumn Leaf Court', 'New York City', 'NY', 'United States', '10099', '6464601819', 'Jillian', 'Adao', 'jadaoh@mayoclinic.com', 1, '2017-08-19 16:56:03', false, '2017-08-09 09:31:11', 'disintermediate impactful e-markets');
insert into member (dbIndex, memberCardNumber, memberId, apartmentNumber, streetNumber, street, city, provinceState, country, postalCode, phone, firstName, lastName, email, membershipType, birthdate, inCatchment, dateCreated, testimony) values (19, 8867525.9136533, 'a0e6709b-698c-4f9e-ab66-73e8e59c1f3c', '604', '956', '8825 Clarendon Hill', 'Cincinnati', 'OH', 'United States', '45238', '5131096318', 'Sher', 'Pittock', 'spittocki@t-online.de', 1, '2017-01-21 23:05:43', true, '2016-12-16 14:18:54', 'disintermediate real-time users');
insert into member (dbIndex, memberCardNumber, memberId, apartmentNumber, streetNumber, street, city, provinceState, country, postalCode, phone, firstName, lastName, email, membershipType, birthdate, inCatchment, dateCreated, testimony) values (20, 2853772.6505635, 'eaf7cd43-7c56-40be-8aca-f73d3226629f', '246', '10', '48406 Trailsway Parkway', 'Louisville', 'KY', 'United States', '40205', '5025456540', 'Minni', 'Grain', 'mgrainj@yale.edu', 2, '2016-12-31 09:25:40', false, '2016-11-13 22:09:54', 'disintermediate out-of-the-box metrics');
insert into member (dbIndex, memberCardNumber, memberId, apartmentNumber, streetNumber, street, city, provinceState, country, postalCode, phone, firstName, lastName, email, membershipType, birthdate, inCatchment, dateCreated, testimony) values (21, 7979410.9297416, '2dd9056b-2bae-4cb6-87ee-e3e1c077ad58', '072', '6802', '327 Jenna Point', 'Scottsdale', 'AZ', 'United States', '85260', '4806002780', 'Colby', 'Handrik', 'chandrikk@issuu.com', 3, '2016-11-23 18:07:12', true, '2017-02-01 00:09:37', 'reinvent seamless e-commerce');
insert into member (dbIndex, memberCardNumber, memberId, apartmentNumber, streetNumber, street, city, provinceState, country, postalCode, phone, firstName, lastName, email, membershipType, birthdate, inCatchment, dateCreated, testimony) values (22, 9254749.4408498, 'fd84f531-691c-4bce-a50f-079cb1af9827', '33718', '16', '432 Ryan Alley', 'Jamaica', 'NY', 'United States', '11431', '2123997539', 'Natka', 'Winckle', 'nwincklel@theglobeandmail.com', 2, '2017-08-22 15:09:46', true, '2016-11-19 22:09:05', 'optimize cross-platform e-business');
insert into member (dbIndex, memberCardNumber, memberId, apartmentNumber, streetNumber, street, city, provinceState, country, postalCode, phone, firstName, lastName, email, membershipType, birthdate, inCatchment, dateCreated, testimony) values (23, 9504953.5582713, '54afe487-cbb7-407e-a7f4-1ba8dd43fdba', '154', '382', '0 Little Fleur Alley', 'New York City', 'NY', 'United States', '10079', '2124518241', 'Roxie', 'Michin', 'rmichinm@un.org', 1, '2017-04-09 20:22:26', false, '2017-01-27 05:53:18', 'enable clicks-and-mortar markets');
insert into member (dbIndex, memberCardNumber, memberId, apartmentNumber, streetNumber, street, city, provinceState, country, postalCode, phone, firstName, lastName, email, membershipType, birthdate, inCatchment, dateCreated, testimony) values (24, 3123443.8583527, '61c5def2-1dc7-47b9-9fed-38685ff35fe1', '531', '593', '8 Pierstorff Park', 'Zephyrhills', 'FL', 'United States', '33543', '8139928519', 'Thatcher', 'Abrashkov', 'tabrashkovn@msu.edu', 3, '2017-01-03 03:14:39', false, '2017-07-10 18:05:38', 'enhance B2C architectures');
insert into member (dbIndex, memberCardNumber, memberId, apartmentNumber, streetNumber, street, city, provinceState, country, postalCode, phone, firstName, lastName, email, membershipType, birthdate, inCatchment, dateCreated, testimony) values (25, 3783619.5979075, 'bb2f3e33-b926-4e7d-86e2-cf3793b4133a', '1', '27', '4 Ilene Pass', 'Springfield', 'VA', 'United States', '22156', '5718553941', 'Carmelina', 'Heinonen', 'cheinoneno@microsoft.com', 2, '2017-01-18 08:52:05', true, '2017-06-10 13:29:29', 'incentivize transparent mindshare');
insert into member (dbIndex, memberCardNumber, memberId, apartmentNumber, streetNumber, street, city, provinceState, country, postalCode, phone, firstName, lastName, email, membershipType, birthdate, inCatchment, dateCreated, testimony) values (26, 3737663.3700843, '3b039068-0a6d-4e53-b3e6-de9cc26e5a2a', '79', '24051', '33 Bartelt Trail', 'Richmond', 'VA', 'United States', '23242', '8049112868', 'Cello', 'Jammet', 'cjammetp@newsvine.com', 3, '2016-11-12 18:35:47', true, '2017-03-21 10:53:30', 'aggregate global applications');
insert into member (dbIndex, memberCardNumber, memberId, apartmentNumber, streetNumber, street, city, provinceState, country, postalCode, phone, firstName, lastName, email, membershipType, birthdate, inCatchment, dateCreated, testimony) values (27, 7764708.9330998, '98aac25e-f8c8-4c9f-832d-0e48d9d4032c', '7', '3078', '54527 Luster Point', 'Providence', 'RI', 'United States', '02905', '4014163871', 'Anni', 'Rihanek', 'arihanekq@jugem.jp', 1, '2017-05-19 17:33:40', false, '2016-11-20 19:38:36', 'visualize scalable ROI');
insert into member (dbIndex, memberCardNumber, memberId, apartmentNumber, streetNumber, street, city, provinceState, country, postalCode, phone, firstName, lastName, email, membershipType, birthdate, inCatchment, dateCreated, testimony) values (28, 3639295.0928135, '4d56fe71-afd7-4982-b8fe-72d67df5f91e', '4', '07067', '97840 Elmside Lane', 'Orlando', 'FL', 'United States', '32825', '9549701268', 'Goran', 'Novotni', 'gnovotnir@rediff.com', 3, '2016-11-27 23:20:51', false, '2017-10-27 08:57:48', 'extend front-end content');
insert into member (dbIndex, memberCardNumber, memberId, apartmentNumber, streetNumber, street, city, provinceState, country, postalCode, phone, firstName, lastName, email, membershipType, birthdate, inCatchment, dateCreated, testimony) values (29, 9684466.1020521, '31ecae04-d384-49bf-8779-0f1e26d6cef5', '50026', '40886', '54 Acker Terrace', 'New Bedford', 'MA', 'United States', '02745', '5083674728', 'Julia', 'Beadell', 'jbeadells@cdc.gov', 3, '2017-07-16 17:20:08', true, '2017-10-11 13:33:44', 'integrate integrated communities');
insert into member (dbIndex, memberCardNumber, memberId, apartmentNumber, streetNumber, street, city, provinceState, country, postalCode, phone, firstName, lastName, email, membershipType, birthdate, inCatchment, dateCreated, testimony) values (30, 6081084.8232535, '4d10e192-969c-4b7f-8e66-cdb5edc6ee8f', '762', '796', '6 Lighthouse Bay Park', 'Sacramento', 'CA', 'United States', '94257', '9166180210', 'Hiram', 'Challiner', 'hchallinert@imdb.com', 1, '2017-09-02 13:12:52', false, '2017-01-24 15:18:15', 'redefine cutting-edge applications');
insert into member (dbIndex, memberCardNumber, memberId, apartmentNumber, streetNumber, street, city, provinceState, country, postalCode, phone, firstName, lastName, email, membershipType, birthdate, inCatchment, dateCreated, testimony) values (31, 9641268.2529309, 'aa9f6e24-ab5b-4a77-95c0-81ba7a34e5b8', '2631', '57', '75 Carioca Lane', 'Mansfield', 'OH', 'United States', '44905', '4193861084', 'Dick', 'Erie', 'derieu@privacy.gov.au', 3, '2017-04-14 22:28:41', false, '2016-12-11 15:26:26', 'incentivize intuitive e-commerce');
insert into member (dbIndex, memberCardNumber, memberId, apartmentNumber, streetNumber, street, city, provinceState, country, postalCode, phone, firstName, lastName, email, membershipType, birthdate, inCatchment, dateCreated, testimony) values (32, 3325253.2181404, '62c32f15-edd8-4e00-9631-5be8c866ea08', '36', '646', '9830 Portage Park', 'San Jose', 'CA', 'United States', '95123', '4083108664', 'Gussy', 'De Fries', 'gdefriesv@360.cn', 4, '2017-07-25 16:27:09', false, '2017-10-07 04:55:56', 'implement 24/365 paradigms');
insert into member (dbIndex, memberCardNumber, memberId, apartmentNumber, streetNumber, street, city, provinceState, country, postalCode, phone, firstName, lastName, email, membershipType, birthdate, inCatchment, dateCreated, testimony) values (33, 9462485.440942, '25b07aae-2e63-457e-9a95-3ec8cc093cd5', '9', '45171', '14508 Homewood Road', 'York', 'PA', 'United States', '17405', '7175462570', 'Perla', 'Canero', 'pcanerow@ustream.tv', 2, '2017-04-27 07:28:24', false, '2017-01-01 19:09:02', 'recontextualize clicks-and-mortar web-readiness');
insert into member (dbIndex, memberCardNumber, memberId, apartmentNumber, streetNumber, street, city, provinceState, country, postalCode, phone, firstName, lastName, email, membershipType, birthdate, inCatchment, dateCreated, testimony) values (34, 2020444.8007845, '53368a97-3349-4e9f-81a3-29f1f6bd0fd5', '6', '3094', '67777 Burrows Center', 'Kansas City', 'MO', 'United States', '64153', '8167936619', 'Susanetta', 'Worsfold', 'sworsfoldx@mozilla.com', 4, '2017-03-09 07:16:28', true, '2017-04-12 22:30:36', 'drive strategic vortals');
insert into member (dbIndex, memberCardNumber, memberId, apartmentNumber, streetNumber, street, city, provinceState, country, postalCode, phone, firstName, lastName, email, membershipType, birthdate, inCatchment, dateCreated, testimony) values (35, 3177044.8660027, '20d293c1-b3dd-4861-8860-d18f2e88cd27', '8708', '7', '3 Clyde Gallagher Parkway', 'Irvine', 'CA', 'United States', '92619', '9493254900', 'Rozanna', 'Gowans', 'rgowansy@aol.com', 4, '2016-11-28 16:47:45', true, '2017-08-02 08:19:36', 'cultivate innovative convergence');
insert into member (dbIndex, memberCardNumber, memberId, apartmentNumber, streetNumber, street, city, provinceState, country, postalCode, phone, firstName, lastName, email, membershipType, birthdate, inCatchment, dateCreated, testimony) values (36, 5129577.875273, 'cf61b7c6-5956-42b5-a372-ea29991b96a6', '1448', '40333', '31181 Melrose Road', 'Arlington', 'VA', 'United States', '22234', '5716944430', 'Dominica', 'Roswarn', 'droswarnz@wikispaces.com', 2, '2017-09-09 05:50:41', false, '2017-06-15 14:42:04', 'embrace scalable initiatives');
insert into member (dbIndex, memberCardNumber, memberId, apartmentNumber, streetNumber, street, city, provinceState, country, postalCode, phone, firstName, lastName, email, membershipType, birthdate, inCatchment, dateCreated, testimony) values (37, 6091899.2145462, '9fe67079-63b3-4b87-be1c-0f311519b528', '9254', '53', '10077 Clarendon Park', 'Boise', 'ID', 'United States', '83716', '2087305557', 'Nick', 'Antonich', 'nantonich10@nytimes.com', 1, '2017-06-17 09:44:29', true, '2016-11-28 21:17:15', 'incubate plug-and-play web-readiness');
insert into member (dbIndex, memberCardNumber, memberId, apartmentNumber, streetNumber, street, city, provinceState, country, postalCode, phone, firstName, lastName, email, membershipType, birthdate, inCatchment, dateCreated, testimony) values (38, 3168048.0835579, 'd383cace-6f14-4c2f-b83b-1beda55e1e2d', '621', '0679', '86099 Pleasure Place', 'Muncie', 'IN', 'United States', '47306', '7654224306', 'Twila', 'Blyden', 'tblyden11@dot.gov', 3, '2017-02-15 20:58:04', false, '2017-08-08 02:28:11', 'grow efficient platforms');
insert into member (dbIndex, memberCardNumber, memberId, apartmentNumber, streetNumber, street, city, provinceState, country, postalCode, phone, firstName, lastName, email, membershipType, birthdate, inCatchment, dateCreated, testimony) values (39, 7424077.9563015, 'a6c639eb-b85c-4354-a781-de44e8e379f9', '8', '702', '817 Hagan Parkway', 'Houston', 'TX', 'United States', '77035', '7137217709', 'Allayne', 'McQuode', 'amcquode12@cnet.com', 1, '2017-03-20 22:20:33', true, '2017-09-08 14:09:09', 'brand back-end convergence');
insert into member (dbIndex, memberCardNumber, memberId, apartmentNumber, streetNumber, street, city, provinceState, country, postalCode, phone, firstName, lastName, email, membershipType, birthdate, inCatchment, dateCreated, testimony) values (40, 9388184.932253, '1a6d8a65-e821-46c1-a23a-eec22aeddb77', '88039', '55', '15576 Dayton Park', 'Arlington', 'VA', 'United States', '22217', '5715852831', 'Sayre', 'Hought', 'shought13@multiply.com', 4, '2016-12-09 16:34:32', true, '2017-01-17 23:08:26', 'transition robust web-readiness');
insert into member (dbIndex, memberCardNumber, memberId, apartmentNumber, streetNumber, street, city, provinceState, country, postalCode, phone, firstName, lastName, email, membershipType, birthdate, inCatchment, dateCreated, testimony) values (41, 4912641.1152806, 'b757d215-dbb1-4f48-9b8a-5329b540f38b', '76', '31', '057 Fordem Street', 'Evansville', 'IN', 'United States', '47705', '8129940597', 'Brendis', 'Hallbird', 'bhallbird14@thetimes.co.uk', 4, '2017-05-13 23:06:15', false, '2017-07-16 02:27:46', 'target global schemas');
insert into member (dbIndex, memberCardNumber, memberId, apartmentNumber, streetNumber, street, city, provinceState, country, postalCode, phone, firstName, lastName, email, membershipType, birthdate, inCatchment, dateCreated, testimony) values (42, 7654556.9817761, '1d949520-70f9-4e21-bf2b-09065147a870', '49691', '02109', '52 Schmedeman Pass', 'Fort Lauderdale', 'FL', 'United States', '33320', '7548750808', 'Cleo', 'Waleworke', 'cwaleworke15@auda.org.au', 3, '2017-04-15 07:42:40', true, '2017-10-13 16:16:25', 'redefine efficient supply-chains');
insert into member (dbIndex, memberCardNumber, memberId, apartmentNumber, streetNumber, street, city, provinceState, country, postalCode, phone, firstName, lastName, email, membershipType, birthdate, inCatchment, dateCreated, testimony) values (43, 2659726.1583963, 'b6e2a333-9161-4c93-960d-0b453a5719a8', '66635', '3322', '6 Ridgeway Plaza', 'Paterson', 'NJ', 'United States', '07522', '9733317441', 'Shari', 'Dooler', 'sdooler16@elegantthemes.com', 4, '2017-10-10 03:56:08', false, '2016-12-10 06:36:42', 'implement B2B e-markets');
insert into member (dbIndex, memberCardNumber, memberId, apartmentNumber, streetNumber, street, city, provinceState, country, postalCode, phone, firstName, lastName, email, membershipType, birthdate, inCatchment, dateCreated, testimony) values (44, 7093957.0129093, 'a1eebe0e-fd3d-46dd-a747-e14e1b5254ce', '4', '711', '08 Arkansas Terrace', 'Portland', 'OR', 'United States', '97296', '5036550427', 'Halley', 'O''Rafferty', 'horafferty17@princeton.edu', 1, '2017-09-15 05:40:24', false, '2017-07-16 18:47:01', 'evolve visionary ROI');
insert into member (dbIndex, memberCardNumber, memberId, apartmentNumber, streetNumber, street, city, provinceState, country, postalCode, phone, firstName, lastName, email, membershipType, birthdate, inCatchment, dateCreated, testimony) values (45, 1128085.1397081, 'f411cd7d-0ee2-4e71-a5f6-faf07824c42b', '31081', '0', '860 Lake View Trail', 'Fort Worth', 'TX', 'United States', '76110', '8172461942', 'Dusty', 'Wiskar', 'dwiskar18@devhub.com', 1, '2017-02-21 02:18:52', true, '2017-04-01 02:23:14', 'integrate robust e-services');
insert into member (dbIndex, memberCardNumber, memberId, apartmentNumber, streetNumber, street, city, provinceState, country, postalCode, phone, firstName, lastName, email, membershipType, birthdate, inCatchment, dateCreated, testimony) values (46, 6965333.8481076, 'bed33c7e-cf30-4995-baf3-d47118efae56', '7667', '2511', '162 Sheridan Center', 'Madison', 'WI', 'United States', '53705', '6089518197', 'Edwina', 'Hexum', 'ehexum19@sohu.com', 4, '2017-01-24 08:23:36', false, '2017-06-02 11:29:56', 'aggregate B2B synergies');
insert into member (dbIndex, memberCardNumber, memberId, apartmentNumber, streetNumber, street, city, provinceState, country, postalCode, phone, firstName, lastName, email, membershipType, birthdate, inCatchment, dateCreated, testimony) values (47, 9918116.4313731, '6289e5c6-82ef-499f-a1de-66bf5f5ee2a1', '95', '3', '2848 Mariners Cove Alley', 'Albany', 'NY', 'United States', '12255', '5182203653', 'Kermy', 'Covill', 'kcovill1a@bluehost.com', 2, '2016-12-07 07:02:17', true, '2017-06-19 11:10:31', 'brand ubiquitous metrics');
insert into member (dbIndex, memberCardNumber, memberId, apartmentNumber, streetNumber, street, city, provinceState, country, postalCode, phone, firstName, lastName, email, membershipType, birthdate, inCatchment, dateCreated, testimony) values (48, 6917303.0949005, '5bb44409-3619-42dd-8d43-95b1c6b55221', '01030', '1', '29126 Meadow Vale Pass', 'New Haven', 'CT', 'United States', '06533', '2033951736', 'Lissi', 'Bemwell', 'lbemwell1b@mtv.com', 3, '2017-02-13 07:16:29', false, '2016-12-31 00:30:51', 'revolutionize leading-edge e-tailers');
insert into member (dbIndex, memberCardNumber, memberId, apartmentNumber, streetNumber, street, city, provinceState, country, postalCode, phone, firstName, lastName, email, membershipType, birthdate, inCatchment, dateCreated, testimony) values (49, 4534791.9966458, 'c821682d-1d47-4dd7-a2b0-9ec78fac16e3', '58', '19637', '84 Bay Street', 'San Francisco', 'CA', 'United States', '94116', '4153688516', 'Dar', 'Middlemass', 'dmiddlemass1c@tuttocitta.it', 2, '2017-09-15 02:00:26', false, '2017-08-10 16:05:56', 'reinvent out-of-the-box initiatives');
insert into member (dbIndex, memberCardNumber, memberId, apartmentNumber, streetNumber, street, city, provinceState, country, postalCode, phone, firstName, lastName, email, membershipType, birthdate, inCatchment, dateCreated, testimony) values (50, 5151101.8290062, 'df33364e-9baa-48b9-bde3-6f27f93b5d54', '44684', '42', '2281 Brickson Park Crossing', 'Louisville', 'KY', 'United States', '40293', '5027204768', 'Clarita', 'Petrasek', 'cpetrasek1d@jimdo.com', 4, '2016-11-12 19:30:45', true, '2017-07-22 04:06:38', 'maximize wireless e-commerce');


/* Login */
insert into login (dbIndex, password) values (1, '02f7c75d292e43ac8c431c6d9273cbde5f80dfc1');
insert into login (dbIndex, password) values (2, '02f7c75d292e43ac8c431c6d9273cbde5f80dfc1');
insert into login (dbIndex, password) values (3, '02f7c75d292e43ac8c431c6d9273cbde5f80dfc1');
insert into login (dbIndex, password) values (4, '02f7c75d292e43ac8c431c6d9273cbde5f80dfc1');
insert into login (dbIndex, password) values (5, '02f7c75d292e43ac8c431c6d9273cbde5f80dfc1');
insert into login (dbIndex, password) values (6, '02f7c75d292e43ac8c431c6d9273cbde5f80dfc1');
insert into login (dbIndex, password) values (7, '02f7c75d292e43ac8c431c6d9273cbde5f80dfc1');
insert into login (dbIndex, password) values (8, '02f7c75d292e43ac8c431c6d9273cbde5f80dfc1');
insert into login (dbIndex, password) values (9, '02f7c75d292e43ac8c431c6d9273cbde5f80dfc1');
insert into login (dbIndex, password) values (10, '02f7c75d292e43ac8c431c6d9273cbde5f80dfc1');
insert into login (dbIndex, password) values (11, '02f7c75d292e43ac8c431c6d9273cbde5f80dfc1');
insert into login (dbIndex, password) values (12, '02f7c75d292e43ac8c431c6d9273cbde5f80dfc1');
insert into login (dbIndex, password) values (13, '02f7c75d292e43ac8c431c6d9273cbde5f80dfc1');
insert into login (dbIndex, password) values (14, '02f7c75d292e43ac8c431c6d9273cbde5f80dfc1');
insert into login (dbIndex, password) values (15, '02f7c75d292e43ac8c431c6d9273cbde5f80dfc1');
insert into login (dbIndex, password) values (16, '02f7c75d292e43ac8c431c6d9273cbde5f80dfc1');
insert into login (dbIndex, password) values (17, '02f7c75d292e43ac8c431c6d9273cbde5f80dfc1');
insert into login (dbIndex, password) values (18, '02f7c75d292e43ac8c431c6d9273cbde5f80dfc1');
insert into login (dbIndex, password) values (19, '02f7c75d292e43ac8c431c6d9273cbde5f80dfc1');
insert into login (dbIndex, password) values (20, '02f7c75d292e43ac8c431c6d9273cbde5f80dfc1');
insert into login (dbIndex, password) values (21, '02f7c75d292e43ac8c431c6d9273cbde5f80dfc1');
insert into login (dbIndex, password) values (22, '02f7c75d292e43ac8c431c6d9273cbde5f80dfc1');
insert into login (dbIndex, password) values (23, '02f7c75d292e43ac8c431c6d9273cbde5f80dfc1');
insert into login (dbIndex, password) values (24, '02f7c75d292e43ac8c431c6d9273cbde5f80dfc1');
insert into login (dbIndex, password) values (25, '02f7c75d292e43ac8c431c6d9273cbde5f80dfc1');
insert into login (dbIndex, password) values (26, '02f7c75d292e43ac8c431c6d9273cbde5f80dfc1');
insert into login (dbIndex, password) values (27, '02f7c75d292e43ac8c431c6d9273cbde5f80dfc1');
insert into login (dbIndex, password) values (28, '02f7c75d292e43ac8c431c6d9273cbde5f80dfc1');
insert into login (dbIndex, password) values (29, '02f7c75d292e43ac8c431c6d9273cbde5f80dfc1');
insert into login (dbIndex, password) values (30, '02f7c75d292e43ac8c431c6d9273cbde5f80dfc1');
insert into login (dbIndex, password) values (31, '02f7c75d292e43ac8c431c6d9273cbde5f80dfc1');
insert into login (dbIndex, password) values (32, '02f7c75d292e43ac8c431c6d9273cbde5f80dfc1');
insert into login (dbIndex, password) values (33, '02f7c75d292e43ac8c431c6d9273cbde5f80dfc1');
insert into login (dbIndex, password) values (34, '02f7c75d292e43ac8c431c6d9273cbde5f80dfc1');
insert into login (dbIndex, password) values (35, '02f7c75d292e43ac8c431c6d9273cbde5f80dfc1');
insert into login (dbIndex, password) values (36, '02f7c75d292e43ac8c431c6d9273cbde5f80dfc1');
insert into login (dbIndex, password) values (37, '02f7c75d292e43ac8c431c6d9273cbde5f80dfc1');
insert into login (dbIndex, password) values (38, '02f7c75d292e43ac8c431c6d9273cbde5f80dfc1');
insert into login (dbIndex, password) values (39, '02f7c75d292e43ac8c431c6d9273cbde5f80dfc1');
insert into login (dbIndex, password) values (40, '02f7c75d292e43ac8c431c6d9273cbde5f80dfc1');
insert into login (dbIndex, password) values (41, '02f7c75d292e43ac8c431c6d9273cbde5f80dfc1');
insert into login (dbIndex, password) values (42, '02f7c75d292e43ac8c431c6d9273cbde5f80dfc1');
insert into login (dbIndex, password) values (43, '02f7c75d292e43ac8c431c6d9273cbde5f80dfc1');
insert into login (dbIndex, password) values (44, '02f7c75d292e43ac8c431c6d9273cbde5f80dfc1');
insert into login (dbIndex, password) values (45, '02f7c75d292e43ac8c431c6d9273cbde5f80dfc1');
insert into login (dbIndex, password) values (46, '02f7c75d292e43ac8c431c6d9273cbde5f80dfc1');
insert into login (dbIndex, password) values (47, '02f7c75d292e43ac8c431c6d9273cbde5f80dfc1');
insert into login (dbIndex, password) values (48, '02f7c75d292e43ac8c431c6d9273cbde5f80dfc1');
insert into login (dbIndex, password) values (49, '02f7c75d292e43ac8c431c6d9273cbde5f80dfc1');
insert into login (dbIndex, password) values (50, '02f7c75d292e43ac8c431c6d9273cbde5f80dfc1');

/* status */
insert into status (dbIndex, active, confirmationHash, renewalDate) values (1, true, 'bb9be35c-a942-4831-9f0c-5e3e4c20187f', '2016-03-13 16:12:17');
insert into status (dbIndex, active, confirmationHash, renewalDate) values (2, true, '4ded2512-8081-4740-8ceb-bd773ca2234a', '2017-06-17 20:17:57');
insert into status (dbIndex, active, confirmationHash, renewalDate) values (3, true, '7bcf05c3-6ac7-4df8-81ff-f92861ed7b7c', '2015-10-29 11:30:19');
insert into status (dbIndex, active, confirmationHash, renewalDate) values (4, true, '3542c220-d600-4ae4-8616-f497b8d87793', '2016-09-11 10:35:17');
insert into status (dbIndex, active, confirmationHash, renewalDate) values (5, false, '9dde10bd-ad67-4edf-ad3d-7a2fe9f1f87d', '2015-11-11 09:28:53');
insert into status (dbIndex, active, confirmationHash, renewalDate) values (6, true, '6d2be6d4-17a9-46d7-b612-6347f29a0b1d', '2017-10-20 17:37:10');
insert into status (dbIndex, active, confirmationHash, renewalDate) values (7, false, 'cc00abfa-9cb0-4643-8aa6-9f57fa38449a', '2015-11-15 01:58:42');
insert into status (dbIndex, active, confirmationHash, renewalDate) values (8, true, '7638b0e8-5ba5-4cf4-9762-ffe2bb121400', '2015-11-13 10:25:00');
insert into status (dbIndex, active, confirmationHash, renewalDate) values (9, false, 'f502e238-d28c-48cb-9460-3f8b7d0548d0', '2016-03-20 10:15:25');
insert into status (dbIndex, active, confirmationHash, renewalDate) values (10, false, 'e0da434c-24b0-4d3a-bb57-0759d5c80232', '2017-07-26 06:07:40');
insert into status (dbIndex, active, confirmationHash, renewalDate) values (11, true, '0b9663da-f965-47de-a552-e803cd4c8c56', '2016-01-23 05:08:35');
insert into status (dbIndex, active, confirmationHash, renewalDate) values (12, false, 'bf17d9a8-ae5d-4927-8e42-2f4d589ca551', '2016-05-01 06:04:29');
insert into status (dbIndex, active, confirmationHash, renewalDate) values (13, true, 'bb74de0c-52e7-4b87-916e-a7d0ab42bf63', '2015-12-09 04:46:14');
insert into status (dbIndex, active, confirmationHash, renewalDate) values (14, false, 'e8ef391c-99d0-438c-a705-1c7e7f3d0088', '2017-09-05 09:00:04');
insert into status (dbIndex, active, confirmationHash, renewalDate) values (15, true, 'e8beb686-d0a6-473e-9e69-ef41c59b27d4', '2017-01-09 22:01:31');
insert into status (dbIndex, active, confirmationHash, renewalDate) values (16, true, 'acffe0e0-c134-4a2e-b89e-d00a67359ff0', '2016-02-26 10:01:32');
insert into status (dbIndex, active, confirmationHash, renewalDate) values (17, true, '72d83394-e285-4a7a-9bf4-94aed4d92353', '2017-04-08 20:48:58');
insert into status (dbIndex, active, confirmationHash, renewalDate) values (18, true, '0b69d798-d3a7-41b1-952c-6c10dcb41b99', '2017-01-14 11:59:07');
insert into status (dbIndex, active, confirmationHash, renewalDate) values (19, false, '4b48d808-9ebe-464e-a0cb-dd4e7437fbb1', '2015-11-22 00:39:48');
insert into status (dbIndex, active, confirmationHash, renewalDate) values (20, true, 'fb20da8e-bcf7-4b9d-b2a2-56ae06f890a0', '2016-01-16 21:19:58');
insert into status (dbIndex, active, confirmationHash, renewalDate) values (21, false, 'b07f682a-519b-4d66-bb80-078be1d67738', '2015-12-21 09:12:31');
insert into status (dbIndex, active, confirmationHash, renewalDate) values (22, true, '56cd7725-b3c2-496f-aa54-6b573c8b87de', '2016-08-24 01:25:36');
insert into status (dbIndex, active, confirmationHash, renewalDate) values (23, true, 'b52989f0-7297-45c9-a63e-86637f4231b5', '2016-07-05 00:47:31');
insert into status (dbIndex, active, confirmationHash, renewalDate) values (24, true, 'c243f9a8-521e-40ab-b8c7-d00f76779fcb', '2016-06-23 13:46:24');
insert into status (dbIndex, active, confirmationHash, renewalDate) values (25, false, 'fccf4c4a-eebe-4416-b5fc-7847bf3965cc', '2015-11-03 12:07:11');
insert into status (dbIndex, active, confirmationHash, renewalDate) values (26, false, '2522557a-7a81-45da-a695-f324d01ec125', '2016-09-15 05:11:22');
insert into status (dbIndex, active, confirmationHash, renewalDate) values (27, true, '97692abd-2a23-45d8-88a4-b97af88969cf', '2017-10-20 04:09:55');
insert into status (dbIndex, active, confirmationHash, renewalDate) values (28, true, '75cb3f0e-1429-4380-8f69-f91b5ff264a2', '2017-08-10 21:44:18');
insert into status (dbIndex, active, confirmationHash, renewalDate) values (29, true, '1fa065d5-86c7-4933-9e07-9f1aa3deca00', '2016-07-19 15:57:07');
insert into status (dbIndex, active, confirmationHash, renewalDate) values (30, false, '198fe427-36b1-4917-834a-2e12fed27e47', '2016-12-29 12:59:51');
insert into status (dbIndex, active, confirmationHash, renewalDate) values (31, false, '07b6a74f-bacd-411e-ad83-a30feed5af1c', '2016-07-18 07:04:56');
insert into status (dbIndex, active, confirmationHash, renewalDate) values (32, false, '32a21a68-0594-415a-8fdd-c25e7669d500', '2016-12-06 06:50:47');
insert into status (dbIndex, active, confirmationHash, renewalDate) values (33, false, '2c164b5c-fbf4-40fe-b646-3bdd274db087', '2017-06-30 05:52:06');
insert into status (dbIndex, active, confirmationHash, renewalDate) values (34, true, 'd930e5e1-3978-4e14-a452-ebb2818b2302', '2016-05-04 19:39:19');
insert into status (dbIndex, active, confirmationHash, renewalDate) values (35, true, '22e66f33-348c-412c-8154-237970c32980', '2016-03-16 12:03:03');
insert into status (dbIndex, active, confirmationHash, renewalDate) values (36, false, 'a022b5e6-d53f-4071-aee3-404f02dc5e9c', '2017-07-22 10:42:33');
insert into status (dbIndex, active, confirmationHash, renewalDate) values (37, false, '38754c07-aed6-43a3-9cb4-c1a6a21b3c6a', '2015-11-05 21:27:55');
insert into status (dbIndex, active, confirmationHash, renewalDate) values (38, true, '4a575c92-2a3a-4560-ac96-2c1e1dfa7acd', '2017-07-07 01:39:13');
insert into status (dbIndex, active, confirmationHash, renewalDate) values (39, false, 'cc756b3d-ec30-4ad4-a6af-5be5622fc991', '2015-10-16 12:26:17');
insert into status (dbIndex, active, confirmationHash, renewalDate) values (40, true, '95c77125-e0c0-4cf6-b521-fea520056838', '2016-08-25 09:44:02');
insert into status (dbIndex, active, confirmationHash, renewalDate) values (41, false, '69bf5841-7daf-4ccd-b3bb-307cd14a9b0c', '2017-07-05 00:04:05');
insert into status (dbIndex, active, confirmationHash, renewalDate) values (42, true, '109b6642-b2a3-4d45-a21d-5c848d809782', '2017-03-25 02:08:53');
insert into status (dbIndex, active, confirmationHash, renewalDate) values (43, true, '3c133a8a-842f-4671-b193-68d303848737', '2017-06-15 09:50:15');
insert into status (dbIndex, active, confirmationHash, renewalDate) values (44, true, 'f4b8e505-f999-412d-b797-554fd16ca776', '2016-11-28 17:09:04');
insert into status (dbIndex, active, confirmationHash, renewalDate) values (45, true, 'eac9ac88-c62e-4c44-897f-3ccd5cb84d22', '2017-02-22 12:14:09');
insert into status (dbIndex, active, confirmationHash, renewalDate) values (46, true, 'e0a144fe-5d55-4fab-b7e5-99684e656cee', '2016-03-02 06:11:14');
insert into status (dbIndex, active, confirmationHash, renewalDate) values (47, true, 'a9afd5c8-867d-442e-bb86-7a0b1cdecec0', '2017-09-27 13:19:18');
insert into status (dbIndex, active, confirmationHash, renewalDate) values (48, false, '66878924-0b96-45c7-95e1-d1a2d3d9dd88', '2016-01-07 22:43:01');
insert into status (dbIndex, active, confirmationHash, renewalDate) values (49, false, '8725fb7e-7451-4d66-94ba-4679a91c1e8b', '2016-06-30 04:12:16');
insert into status (dbIndex, active, confirmationHash, renewalDate) values (50, true, 'ffb0f9ab-39c7-42e4-b3f8-8bee3fe3692c', '2017-03-03 08:16:06');


/* category */
insert into category (categoryId, categoryName) values (1, 'Multi-layered');
insert into category (categoryId, categoryName) values (2, 'heuristic');
insert into category (categoryId, categoryName) values (3, 'Diverse');
insert into category (categoryId, categoryName) values (4, 'Triple-buffered');
insert into category (categoryId, categoryName) values (5, 'software');
insert into category (categoryId, categoryName) values (6, 'eco-centric');
insert into category (categoryId, categoryName) values (7, 'full-range');
insert into category (categoryId, categoryName) values (8, 'structure');
insert into category (categoryId, categoryName) values (9, 'Distributed');
insert into category (categoryId, categoryName) values (10, 'initiative');
insert into category (categoryId, categoryName) values (11, 'Assimilated');
insert into category (categoryId, categoryName) values (12, 'Reactive');
insert into category (categoryId, categoryName) values (13, 'Inverse');
insert into category (categoryId, categoryName) values (14, 'executive');
insert into category (categoryId, categoryName) values (15, 'holistic');

/* memberPreference */
insert into memberPreference (dbIndex, categoryId, isPreferred) values (24, 8, true);
insert into memberPreference (dbIndex, categoryId, isPreferred) values (49, 11, true);
insert into memberPreference (dbIndex, categoryId, isPreferred) values (42, 11, false);
insert into memberPreference (dbIndex, categoryId, isPreferred) values (25, 12, false);
insert into memberPreference (dbIndex, categoryId, isPreferred) values (14, 8, false);
insert into memberPreference (dbIndex, categoryId, isPreferred) values (38, 13, false);
insert into memberPreference (dbIndex, categoryId, isPreferred) values (37, 6, false);
insert into memberPreference (dbIndex, categoryId, isPreferred) values (48, 7, false);
insert into memberPreference (dbIndex, categoryId, isPreferred) values (43, 8, false);
insert into memberPreference (dbIndex, categoryId, isPreferred) values (36, 5, true);
insert into memberPreference (dbIndex, categoryId, isPreferred) values (23, 3, true);
insert into memberPreference (dbIndex, categoryId, isPreferred) values (40, 10, true);
insert into memberPreference (dbIndex, categoryId, isPreferred) values (17, 10, false);
insert into memberPreference (dbIndex, categoryId, isPreferred) values (26, 6, false);
insert into memberPreference (dbIndex, categoryId, isPreferred) values (46, 6, false);
insert into memberPreference (dbIndex, categoryId, isPreferred) values (37, 2, false);
insert into memberPreference (dbIndex, categoryId, isPreferred) values (28, 13, true);
insert into memberPreference (dbIndex, categoryId, isPreferred) values (14, 11, false);
insert into memberPreference (dbIndex, categoryId, isPreferred) values (15, 8, true);
insert into memberPreference (dbIndex, categoryId, isPreferred) values (40, 10, true);
insert into memberPreference (dbIndex, categoryId, isPreferred) values (21, 9, true);
insert into memberPreference (dbIndex, categoryId, isPreferred) values (21, 5, true);
insert into memberPreference (dbIndex, categoryId, isPreferred) values (27, 4, true);
insert into memberPreference (dbIndex, categoryId, isPreferred) values (26, 6, true);
insert into memberPreference (dbIndex, categoryId, isPreferred) values (20, 12, true);
insert into memberPreference (dbIndex, categoryId, isPreferred) values (14, 11, true);
insert into memberPreference (dbIndex, categoryId, isPreferred) values (24, 4, true);
insert into memberPreference (dbIndex, categoryId, isPreferred) values (35, 15, false);
insert into memberPreference (dbIndex, categoryId, isPreferred) values (22, 10, true);
insert into memberPreference (dbIndex, categoryId, isPreferred) values (13, 8, false);
insert into memberPreference (dbIndex, categoryId, isPreferred) values (50, 3, true);
insert into memberPreference (dbIndex, categoryId, isPreferred) values (20, 8, false);
insert into memberPreference (dbIndex, categoryId, isPreferred) values (3, 7, true);
insert into memberPreference (dbIndex, categoryId, isPreferred) values (5, 15, true);
insert into memberPreference (dbIndex, categoryId, isPreferred) values (29, 10, true);
insert into memberPreference (dbIndex, categoryId, isPreferred) values (11, 13, false);
insert into memberPreference (dbIndex, categoryId, isPreferred) values (29, 9, false);
insert into memberPreference (dbIndex, categoryId, isPreferred) values (35, 15, false);
insert into memberPreference (dbIndex, categoryId, isPreferred) values (5, 4, true);
insert into memberPreference (dbIndex, categoryId, isPreferred) values (33, 5, false);
insert into memberPreference (dbIndex, categoryId, isPreferred) values (44, 6, false);
insert into memberPreference (dbIndex, categoryId, isPreferred) values (49, 10, false);
insert into memberPreference (dbIndex, categoryId, isPreferred) values (37, 7, true);
insert into memberPreference (dbIndex, categoryId, isPreferred) values (35, 14, true);
insert into memberPreference (dbIndex, categoryId, isPreferred) values (20, 10, true);
insert into memberPreference (dbIndex, categoryId, isPreferred) values (9, 1, false);
insert into memberPreference (dbIndex, categoryId, isPreferred) values (47, 10, false);
insert into memberPreference (dbIndex, categoryId, isPreferred) values (2, 8, false);
insert into memberPreference (dbIndex, categoryId, isPreferred) values (36, 5, true);
insert into memberPreference (dbIndex, categoryId, isPreferred) values (33, 15, false);

/* event */
insert into event (eventId, eventName, description, eventBriteLink) values (1, 'Precious', 'Multi-lateral coherent circuit', '21.12.186.133');
insert into event (eventId, eventName, description, eventBriteLink) values (2, 'Last Days of Mussolini (Mussolini: Ultimo atto)', 'Proactive discrete leverage', '22.140.33.141');
insert into event (eventId, eventName, description, eventBriteLink) values (3, 'First Shot', 'Stand-alone responsive core', '96.186.214.229');
insert into event (eventId, eventName, description, eventBriteLink) values (4, 'Heathcliff: The Movie', 'Optional encompassing customer loyalty', '192.83.91.4');
insert into event (eventId, eventName, description, eventBriteLink) values (5, 'Black Dog', 'Integrated directional structure', '220.168.244.183');
insert into event (eventId, eventName, description, eventBriteLink) values (6, 'Goodfellas', 'Extended zero tolerance hardware', '125.189.116.128');
insert into event (eventId, eventName, description, eventBriteLink) values (7, 'Family Law (Derecho de familia)', 'Focused client-driven toolset', '231.180.253.48');
insert into event (eventId, eventName, description, eventBriteLink) values (8, 'The Fifth Season', 'Phased bifurcated artificial intelligence', '154.164.136.222');
insert into event (eventId, eventName, description, eventBriteLink) values (9, 'I Want to Look Like That Guy', 'Synergized next generation migration', '197.25.77.111');
insert into event (eventId, eventName, description, eventBriteLink) values (10, 'Films to Keep You Awake: The Baby''s Room (Películas para no dormir: La habitación del niño)', 'Customer-focused attitude-oriented local area network', '123.62.196.86');
insert into event (eventId, eventName, description, eventBriteLink) values (11, 'Invincible Iron Man, The', 'Front-line systematic parallelism', '97.112.28.221');
insert into event (eventId, eventName, description, eventBriteLink) values (12, 'Lesson Plan ', 'Adaptive grid-enabled local area network', '0.24.5.182');
insert into event (eventId, eventName, description, eventBriteLink) values (13, 'Patriot, The', 'Operative bi-directional extranet', '9.246.58.10');
insert into event (eventId, eventName, description, eventBriteLink) values (14, 'Debutantes, Los', 'Function-based leading edge neural-net', '209.85.221.10');
insert into event (eventId, eventName, description, eventBriteLink) values (15, 'Good Night, The', 'Synergistic 24 hour leverage', '66.171.14.38');
insert into event (eventId, eventName, description, eventBriteLink) values (16, 'Meet the Fockers', 'Mandatory full-range analyzer', '17.25.242.177');
insert into event (eventId, eventName, description, eventBriteLink) values (17, 'Blue Kite, The (Lan feng zheng)', 'User-friendly didactic budgetary management', '162.33.172.18');
insert into event (eventId, eventName, description, eventBriteLink) values (18, 'Golden Door (Nuovomondo)', 'Focused optimal portal', '115.140.8.179');
insert into event (eventId, eventName, description, eventBriteLink) values (19, 'Film About a Woman Who...', 'Synergistic analyzing projection', '144.72.79.186');
insert into event (eventId, eventName, description, eventBriteLink) values (20, 'Alyce Kills', 'Exclusive value-added support', '142.78.120.127');
insert into event (eventId, eventName, description, eventBriteLink) values (21, 'Waking Madison ', 'Synergized homogeneous data-warehouse', '216.205.153.172');
insert into event (eventId, eventName, description, eventBriteLink) values (22, 'Terminal Man, The', 'Enhanced homogeneous knowledge base', '35.48.45.249');
insert into event (eventId, eventName, description, eventBriteLink) values (23, 'Sound of Fury, The', 'De-engineered static extranet', '253.175.69.65');
insert into event (eventId, eventName, description, eventBriteLink) values (24, 'Big Blue, The (Grand bleu, Le)', 'Open-source 5th generation architecture', '56.248.122.163');
insert into event (eventId, eventName, description, eventBriteLink) values (25, 'Brother Bear 2', 'Proactive 6th generation task-force', '100.162.179.195');
insert into event (eventId, eventName, description, eventBriteLink) values (26, 'After Fall, Winter', 'Progressive system-worthy model', '16.61.57.91');
insert into event (eventId, eventName, description, eventBriteLink) values (27, 'Undead', 'Fully-configurable intermediate intranet', '208.168.66.72');
insert into event (eventId, eventName, description, eventBriteLink) values (28, 'Vampires Suck', 'Digitized dynamic support', '124.27.184.1');
insert into event (eventId, eventName, description, eventBriteLink) values (29, 'Hart of London, The', 'Distributed fault-tolerant orchestration', '221.1.237.246');
insert into event (eventId, eventName, description, eventBriteLink) values (30, 'Silent Night, Deadly Night 5: The Toy Maker', 'User-centric 3rd generation access', '50.234.128.81');
insert into event (eventId, eventName, description, eventBriteLink) values (31, 'In the City of Sylvia (En la ciudad de Sylvia)', 'Triple-buffered explicit protocol', '151.198.227.121');
insert into event (eventId, eventName, description, eventBriteLink) values (32, 'No One Lives', 'Advanced dynamic open system', '17.254.224.4');
insert into event (eventId, eventName, description, eventBriteLink) values (33, 'High School High', 'Mandatory disintermediate migration', '25.226.165.148');
insert into event (eventId, eventName, description, eventBriteLink) values (34, 'Honey, I Blew Up the Kid', 'Face to face mobile secured line', '206.61.173.79');
insert into event (eventId, eventName, description, eventBriteLink) values (35, 'Footprints on the Moon (Le orme) (Primal Impulse)', 'Optimized human-resource intranet', '17.165.168.253');
insert into event (eventId, eventName, description, eventBriteLink) values (36, 'Mod Squad, The', 'Reduced local conglomeration', '139.245.8.115');
insert into event (eventId, eventName, description, eventBriteLink) values (37, 'In This World', 'Open-source next generation middleware', '242.154.171.68');
insert into event (eventId, eventName, description, eventBriteLink) values (38, 'Patch of Blue, A', 'Devolved web-enabled protocol', '189.239.108.246');
insert into event (eventId, eventName, description, eventBriteLink) values (39, 'Pan Tadeusz: The Last Foray in Lithuania (Pan Tadeusz)', 'Object-based impactful help-desk', '87.69.164.93');
insert into event (eventId, eventName, description, eventBriteLink) values (40, 'Dinner Guest, The (L''invité)', 'Face to face 24 hour service-desk', '54.128.238.0');
insert into event (eventId, eventName, description, eventBriteLink) values (41, 'Saving God', 'User-friendly composite concept', '181.45.162.56');
insert into event (eventId, eventName, description, eventBriteLink) values (42, 'Drunken Angel (Yoidore tenshi)', 'Front-line disintermediate functionalities', '162.140.157.115');
insert into event (eventId, eventName, description, eventBriteLink) values (43, 'Counsellor at Law', 'De-engineered systematic open architecture', '40.142.119.48');
insert into event (eventId, eventName, description, eventBriteLink) values (44, 'Corruption (a.k.a. Carnage)', 'Upgradable optimal solution', '166.207.3.232');
insert into event (eventId, eventName, description, eventBriteLink) values (45, 'Blue Streak', 'Switchable static neural-net', '159.162.108.210');
insert into event (eventId, eventName, description, eventBriteLink) values (46, 'Love Hina Spring Special', 'Function-based logistical access', '112.6.96.97');
insert into event (eventId, eventName, description, eventBriteLink) values (47, 'Nicky''s Family', 'Ameliorated radical model', '112.103.155.252');
insert into event (eventId, eventName, description, eventBriteLink) values (48, 'Too Early, Too Late (Trop tôt, trop tard)', 'Enhanced context-sensitive help-desk', '48.83.213.114');
insert into event (eventId, eventName, description, eventBriteLink) values (49, 'Hunger Games, The', 'Team-oriented bottom-line intranet', '184.177.225.162');
insert into event (eventId, eventName, description, eventBriteLink) values (50, 'Electrick Children', 'Stand-alone local array', '163.26.248.255');
insert into event (eventId, eventName, description, eventBriteLink) values (51, 'Bullet to the Head', 'Fundamental analyzing strategy', '212.158.41.123');
insert into event (eventId, eventName, description, eventBriteLink) values (52, 'Wild Things', 'Fundamental upward-trending functionalities', '75.205.37.66');
insert into event (eventId, eventName, description, eventBriteLink) values (53, 'Crank: High Voltage', 'Streamlined web-enabled functionalities', '243.134.46.163');
insert into event (eventId, eventName, description, eventBriteLink) values (54, 'Small Town Murder Songs', 'Balanced actuating moderator', '156.230.92.244');
insert into event (eventId, eventName, description, eventBriteLink) values (55, 'Source, The', 'Adaptive clear-thinking structure', '106.21.161.195');
insert into event (eventId, eventName, description, eventBriteLink) values (56, 'Lion King II: Simba''s Pride, The', 'Face to face dynamic website', '239.212.225.69');
insert into event (eventId, eventName, description, eventBriteLink) values (57, 'Black Roses ', 'Synergistic foreground installation', '227.74.133.2');
insert into event (eventId, eventName, description, eventBriteLink) values (58, 'Blubberella', 'Triple-buffered global project', '152.86.116.54');
insert into event (eventId, eventName, description, eventBriteLink) values (59, 'Maniacts', 'Digitized mobile implementation', '151.66.106.215');
insert into event (eventId, eventName, description, eventBriteLink) values (60, 'Silja - nuorena nukkunut', 'Networked homogeneous matrix', '69.225.26.72');
insert into event (eventId, eventName, description, eventBriteLink) values (61, 'All About the Benjamins', 'Visionary bottom-line definition', '102.194.241.18');
insert into event (eventId, eventName, description, eventBriteLink) values (62, 'Princess', 'Mandatory eco-centric monitoring', '94.170.209.136');
insert into event (eventId, eventName, description, eventBriteLink) values (63, 'Chronicle', 'Intuitive real-time moderator', '135.65.46.27');
insert into event (eventId, eventName, description, eventBriteLink) values (64, 'Melissa P.', 'Up-sized impactful complexity', '236.167.237.202');
insert into event (eventId, eventName, description, eventBriteLink) values (65, 'Darkman', 'Enhanced homogeneous help-desk', '160.109.22.119');
insert into event (eventId, eventName, description, eventBriteLink) values (66, 'Queen of the Amazons', 'Vision-oriented global infrastructure', '17.8.88.122');
insert into event (eventId, eventName, description, eventBriteLink) values (67, 'Gloria', 'Enhanced encompassing function', '136.132.228.23');
insert into event (eventId, eventName, description, eventBriteLink) values (68, 'Living Will...', 'Multi-lateral executive hub', '169.5.124.88');
insert into event (eventId, eventName, description, eventBriteLink) values (69, 'Andalusian Dog, An (Chien andalou, Un)', 'De-engineered bifurcated product', '87.211.65.90');
insert into event (eventId, eventName, description, eventBriteLink) values (70, 'No Place to Hide', 'Pre-emptive empowering success', '176.153.137.85');
insert into event (eventId, eventName, description, eventBriteLink) values (71, 'Sune på bilsemester', 'Cross-platform methodical throughput', '189.143.93.29');
insert into event (eventId, eventName, description, eventBriteLink) values (72, 'Best of Times, The', 'Organic demand-driven infrastructure', '95.6.82.122');
insert into event (eventId, eventName, description, eventBriteLink) values (73, 'Missing William', 'Cross-group global architecture', '83.4.249.67');
insert into event (eventId, eventName, description, eventBriteLink) values (74, 'Undisputed III: Redemption', 'Digitized tertiary approach', '27.24.22.176');
insert into event (eventId, eventName, description, eventBriteLink) values (75, 'Truth, The ', 'Function-based value-added capacity', '12.75.17.83');
insert into event (eventId, eventName, description, eventBriteLink) values (76, 'Ironclad 2: Battle for Blood', 'Integrated analyzing instruction set', '103.95.7.161');
insert into event (eventId, eventName, description, eventBriteLink) values (77, 'Nom de code : Rose', 'Profit-focused 5th generation toolset', '153.121.143.191');
insert into event (eventId, eventName, description, eventBriteLink) values (78, 'Taxi for Tobruk', 'Proactive uniform collaboration', '48.192.76.41');
insert into event (eventId, eventName, description, eventBriteLink) values (79, 'Where in the World Is Osama Bin Laden?', 'Persevering bifurcated pricing structure', '26.71.112.128');
insert into event (eventId, eventName, description, eventBriteLink) values (80, 'After Hours', 'Upgradable local architecture', '6.34.209.235');
insert into event (eventId, eventName, description, eventBriteLink) values (81, 'Kicking & Screaming', 'Exclusive maximized access', '102.132.50.120');
insert into event (eventId, eventName, description, eventBriteLink) values (82, 'Camille Claudel 1915', 'Digitized zero tolerance pricing structure', '169.116.32.125');
insert into event (eventId, eventName, description, eventBriteLink) values (83, 'Distant Drums', 'Managed bifurcated synergy', '220.124.242.92');
insert into event (eventId, eventName, description, eventBriteLink) values (84, 'Body of War', 'Secured 4th generation access', '253.234.216.83');
insert into event (eventId, eventName, description, eventBriteLink) values (85, 'American Dreamz', 'Upgradable zero administration archive', '0.22.169.107');
insert into event (eventId, eventName, description, eventBriteLink) values (86, 'Flow', 'Upgradable 3rd generation knowledge user', '232.119.62.69');
insert into event (eventId, eventName, description, eventBriteLink) values (87, 'Love in Another Language (Baska Dilde Ask)', 'Operative 5th generation analyzer', '83.175.141.188');
insert into event (eventId, eventName, description, eventBriteLink) values (88, 'Jungle Book', 'Phased zero tolerance monitoring', '196.108.31.92');
insert into event (eventId, eventName, description, eventBriteLink) values (89, 'Outskirts (Okraina)', 'Open-source logistical definition', '216.153.182.211');
insert into event (eventId, eventName, description, eventBriteLink) values (90, 'Number Seventeen (a.k.a. Number 17)', 'Quality-focused multi-state instruction set', '99.243.83.165');
insert into event (eventId, eventName, description, eventBriteLink) values (91, 'Equinox', 'Progressive bottom-line Graphical User Interface', '4.226.46.44');
insert into event (eventId, eventName, description, eventBriteLink) values (92, 'World Trade Center', 'Ameliorated analyzing alliance', '98.47.21.44');
insert into event (eventId, eventName, description, eventBriteLink) values (93, 'Religulous', 'Organic grid-enabled orchestration', '211.196.254.173');
insert into event (eventId, eventName, description, eventBriteLink) values (94, 'Inside Daisy Clover', 'Face to face cohesive policy', '62.170.183.12');
insert into event (eventId, eventName, description, eventBriteLink) values (95, 'Feiern', 'Multi-tiered scalable hierarchy', '49.48.164.224');
insert into event (eventId, eventName, description, eventBriteLink) values (96, 'Rabbit', 'Automated explicit parallelism', '88.87.63.217');
insert into event (eventId, eventName, description, eventBriteLink) values (97, 'Turbo', 'Adaptive client-server orchestration', '92.19.181.143');
insert into event (eventId, eventName, description, eventBriteLink) values (98, 'Kink', 'Realigned national data-warehouse', '27.89.97.236');
insert into event (eventId, eventName, description, eventBriteLink) values (99, 'Woman of Paris, A', 'Optional impactful toolset', '230.216.42.123');
insert into event (eventId, eventName, description, eventBriteLink) values (100, 'Room, The', 'Stand-alone motivating parallelism', '250.114.11.173');
insert into event (eventId, eventName, description, eventBriteLink) values (101, 'In a Town This Size', 'Centralized bandwidth-monitored budgetary management', '202.119.225.16');
insert into event (eventId, eventName, description, eventBriteLink) values (102, 'Insider, The', 'Inverse intangible encoding', '158.177.161.25');
insert into event (eventId, eventName, description, eventBriteLink) values (103, '35 Shots of Rum (35 rhums)', 'Optional secondary algorithm', '191.133.199.249');
insert into event (eventId, eventName, description, eventBriteLink) values (104, 'What''s Up, Doc?', 'Multi-channelled motivating flexibility', '194.101.116.198');
insert into event (eventId, eventName, description, eventBriteLink) values (105, 'Creep', 'Decentralized contextually-based portal', '177.56.216.80');
insert into event (eventId, eventName, description, eventBriteLink) values (106, 'Anchors Aweigh', 'User-friendly system-worthy open system', '185.119.92.193');
insert into event (eventId, eventName, description, eventBriteLink) values (107, 'Train', 'Polarised leading edge info-mediaries', '120.223.134.137');
insert into event (eventId, eventName, description, eventBriteLink) values (108, 'Brief Vacation, A (breve vacanza, Una)', 'Focused 6th generation alliance', '161.70.255.96');
insert into event (eventId, eventName, description, eventBriteLink) values (109, 'Sapphires, The', 'Configurable full-range frame', '135.195.74.127');
insert into event (eventId, eventName, description, eventBriteLink) values (110, 'Decoy Bride, The', 'Face to face responsive customer loyalty', '103.157.55.12');
insert into event (eventId, eventName, description, eventBriteLink) values (111, 'Saving Shiloh', 'Decentralized transitional ability', '27.69.62.11');
insert into event (eventId, eventName, description, eventBriteLink) values (112, 'The Valley of Gwangi', 'Advanced cohesive intranet', '2.39.193.111');
insert into event (eventId, eventName, description, eventBriteLink) values (113, 'Killings at Outpost Zeta, The', 'Streamlined non-volatile info-mediaries', '5.30.1.137');
insert into event (eventId, eventName, description, eventBriteLink) values (114, 'Men, Women & Children', 'Operative optimal functionalities', '72.97.179.126');
insert into event (eventId, eventName, description, eventBriteLink) values (115, 'Last Circus, The (Balada triste de trompeta) (Sad Trumpet Ballad, A)', 'Right-sized eco-centric knowledge user', '219.143.156.115');
insert into event (eventId, eventName, description, eventBriteLink) values (116, 'Hot Spot, The', 'Reverse-engineered interactive policy', '141.34.106.141');
insert into event (eventId, eventName, description, eventBriteLink) values (117, 'Sandor slash Ida', 'Multi-channelled modular open system', '195.228.159.216');
insert into event (eventId, eventName, description, eventBriteLink) values (118, 'Wolf', 'Virtual methodical throughput', '57.161.111.129');
insert into event (eventId, eventName, description, eventBriteLink) values (119, 'For My Father (Sof Shavua B''Tel Aviv)', 'Fundamental reciprocal hardware', '234.118.51.44');
insert into event (eventId, eventName, description, eventBriteLink) values (120, 'Merry War, A', 'Total neutral archive', '200.10.86.83');
insert into event (eventId, eventName, description, eventBriteLink) values (121, 'Tillbaka till Bromma', 'Realigned executive capacity', '102.153.99.136');
insert into event (eventId, eventName, description, eventBriteLink) values (122, 'Compliance', 'Programmable web-enabled toolset', '46.151.17.133');
insert into event (eventId, eventName, description, eventBriteLink) values (123, 'Jill the Ripper (Jill Rips)', 'Customizable executive orchestration', '184.195.91.22');
insert into event (eventId, eventName, description, eventBriteLink) values (124, 'Rain Over Santiago (Il pleut sur Santiago)', 'Visionary explicit initiative', '228.21.202.224');
insert into event (eventId, eventName, description, eventBriteLink) values (125, 'Pride of the Yankees, The', 'Monitored systematic capacity', '43.155.28.58');
insert into event (eventId, eventName, description, eventBriteLink) values (126, 'Way Out West', 'Re-contextualized system-worthy core', '146.0.232.145');
insert into event (eventId, eventName, description, eventBriteLink) values (127, 'Miami Connection', 'Organized tangible hierarchy', '176.55.107.174');
insert into event (eventId, eventName, description, eventBriteLink) values (128, 'Kolberg', 'Open-source multi-state middleware', '160.9.141.24');
insert into event (eventId, eventName, description, eventBriteLink) values (129, 'Killing Room, The', 'Focused multimedia definition', '24.59.126.159');
insert into event (eventId, eventName, description, eventBriteLink) values (130, 'Treasure of the Yankee Zephyr (Race for the Yankee Zephyr)', 'Centralized web-enabled encoding', '197.68.181.178');
insert into event (eventId, eventName, description, eventBriteLink) values (131, 'Oyster Farmer', 'Total methodical alliance', '241.177.146.122');
insert into event (eventId, eventName, description, eventBriteLink) values (132, 'Red Hook Summer', 'Persistent grid-enabled encryption', '20.176.45.140');
insert into event (eventId, eventName, description, eventBriteLink) values (133, 'City of Fear', 'Devolved bandwidth-monitored adapter', '21.103.115.177');
insert into event (eventId, eventName, description, eventBriteLink) values (134, 'Losing Isaiah', 'Digitized holistic website', '25.52.196.81');
insert into event (eventId, eventName, description, eventBriteLink) values (135, 'Way Out West', 'Synergized web-enabled function', '104.192.178.101');
insert into event (eventId, eventName, description, eventBriteLink) values (136, 'Tomorrow, the World!', 'Enterprise-wide even-keeled concept', '228.34.12.104');
insert into event (eventId, eventName, description, eventBriteLink) values (137, 'Soldier Blue', 'Cross-platform context-sensitive functionalities', '210.137.114.224');
insert into event (eventId, eventName, description, eventBriteLink) values (138, 'Under Suspicion', 'Synergistic web-enabled open system', '13.189.84.90');
insert into event (eventId, eventName, description, eventBriteLink) values (139, 'Stille Nacht I: Dramolet', 'Future-proofed non-volatile artificial intelligence', '129.130.228.234');
insert into event (eventId, eventName, description, eventBriteLink) values (140, 'Not as a Stranger', 'Enterprise-wide logistical protocol', '175.135.220.110');
insert into event (eventId, eventName, description, eventBriteLink) values (141, 'Solo ', 'Self-enabling discrete budgetary management', '40.43.228.240');
insert into event (eventId, eventName, description, eventBriteLink) values (142, 'Run of the Country, The', 'Multi-channelled radical capability', '58.55.26.244');
insert into event (eventId, eventName, description, eventBriteLink) values (143, 'Xiu Xiu: The Sent-Down Girl (Tian yu)', 'Digitized scalable pricing structure', '71.19.134.167');
insert into event (eventId, eventName, description, eventBriteLink) values (144, 'General Died at Dawn, The', 'Distributed fresh-thinking forecast', '227.111.254.34');
insert into event (eventId, eventName, description, eventBriteLink) values (145, 'Raven, The', 'Pre-emptive web-enabled help-desk', '172.226.124.250');
insert into event (eventId, eventName, description, eventBriteLink) values (146, 'Stanley Kubrick: A Life in Pictures', 'Multi-layered intangible customer loyalty', '161.91.219.149');
insert into event (eventId, eventName, description, eventBriteLink) values (147, 'Protector, The (a.k.a. Warrior King) (Tom yum goong)', 'Virtual attitude-oriented algorithm', '0.7.24.21');
insert into event (eventId, eventName, description, eventBriteLink) values (148, 'Ultramarathon Man: 50 Marathons, 50 States, 50 Days', 'Seamless transitional encoding', '191.40.163.255');
insert into event (eventId, eventName, description, eventBriteLink) values (149, 'Devour', 'Innovative multi-state Graphical User Interface', '219.124.137.218');
insert into event (eventId, eventName, description, eventBriteLink) values (150, 'Caddyshack II', 'Inverse modular contingency', '173.60.67.77');
insert into event (eventId, eventName, description, eventBriteLink) values (151, 'Down by Law', 'Seamless stable attitude', '8.221.61.246');
insert into event (eventId, eventName, description, eventBriteLink) values (152, 'Black Hawk Down', 'Monitored asymmetric process improvement', '183.47.138.234');
insert into event (eventId, eventName, description, eventBriteLink) values (153, 'The Encounter', 'Ameliorated national Graphical User Interface', '33.233.188.16');
insert into event (eventId, eventName, description, eventBriteLink) values (154, 'The Missionaries', 'Enterprise-wide local methodology', '199.240.61.49');
insert into event (eventId, eventName, description, eventBriteLink) values (155, '2009: Lost Memories', 'Ergonomic executive benchmark', '112.111.53.223');
insert into event (eventId, eventName, description, eventBriteLink) values (156, 'Hollywood Knights, The', 'Organized dynamic productivity', '1.205.192.201');
insert into event (eventId, eventName, description, eventBriteLink) values (157, 'Theodore Rex', 'Decentralized multi-state focus group', '196.52.223.93');
insert into event (eventId, eventName, description, eventBriteLink) values (158, 'Trilogy of Terror II', 'Object-based analyzing software', '62.57.235.0');
insert into event (eventId, eventName, description, eventBriteLink) values (159, 'Highlander II: The Quickening', 'Reverse-engineered mission-critical workforce', '161.236.206.223');
insert into event (eventId, eventName, description, eventBriteLink) values (160, 'Long Voyage Home, The', 'Exclusive background product', '121.236.210.166');
insert into event (eventId, eventName, description, eventBriteLink) values (161, 'Shock Waves', 'Robust bifurcated benchmark', '115.13.110.94');
insert into event (eventId, eventName, description, eventBriteLink) values (162, 'Love is God', 'Compatible multi-state workforce', '212.52.44.123');
insert into event (eventId, eventName, description, eventBriteLink) values (163, 'Grifters, The', 'Fully-configurable clear-thinking implementation', '50.106.61.197');
insert into event (eventId, eventName, description, eventBriteLink) values (164, 'Letter, The', 'Distributed national groupware', '35.96.190.113');
insert into event (eventId, eventName, description, eventBriteLink) values (165, 'Gus', 'De-engineered discrete moratorium', '178.226.240.204');
insert into event (eventId, eventName, description, eventBriteLink) values (166, 'Swastika', 'De-engineered fresh-thinking intranet', '30.176.83.34');
insert into event (eventId, eventName, description, eventBriteLink) values (167, 'Wild Child, The (Enfant sauvage, L'')', 'Multi-layered intermediate orchestration', '227.215.167.115');
insert into event (eventId, eventName, description, eventBriteLink) values (168, 'Looker', 'Profit-focused exuding process improvement', '212.114.213.61');
insert into event (eventId, eventName, description, eventBriteLink) values (169, 'With Great Power: The Stan Lee Story', 'Down-sized high-level superstructure', '243.194.82.29');
insert into event (eventId, eventName, description, eventBriteLink) values (170, 'Little Traitor, The', 'Customizable 6th generation moderator', '54.189.191.164');
insert into event (eventId, eventName, description, eventBriteLink) values (171, 'Pinchcliffe Grand Prix (Flåklypa Grand Prix)', 'Grass-roots stable capacity', '8.68.170.195');
insert into event (eventId, eventName, description, eventBriteLink) values (172, 'Honeymooners, The', 'Assimilated background superstructure', '238.209.234.216');
insert into event (eventId, eventName, description, eventBriteLink) values (173, 'Wrestling Queens', 'Monitored directional Graphic Interface', '103.45.129.210');
insert into event (eventId, eventName, description, eventBriteLink) values (174, 'Vicky Donor', 'Integrated optimal info-mediaries', '136.233.38.159');
insert into event (eventId, eventName, description, eventBriteLink) values (175, 'Vampire Effect (The Twins Effect) (Chin gei bin)', 'Customer-focused demand-driven forecast', '253.239.135.104');
insert into event (eventId, eventName, description, eventBriteLink) values (176, 'Hard Target', 'Up-sized heuristic budgetary management', '73.41.70.115');
insert into event (eventId, eventName, description, eventBriteLink) values (177, 'Sallah', 'Multi-tiered clear-thinking groupware', '13.132.147.16');
insert into event (eventId, eventName, description, eventBriteLink) values (178, 'Paziraie Sadeh', 'Multi-lateral 24/7 superstructure', '51.189.2.231');
insert into event (eventId, eventName, description, eventBriteLink) values (179, 'Air I Breathe, The', 'Advanced cohesive framework', '7.91.156.135');
insert into event (eventId, eventName, description, eventBriteLink) values (180, 'I Am the Law', 'Operative stable info-mediaries', '47.22.64.195');
insert into event (eventId, eventName, description, eventBriteLink) values (181, 'Fantasia 2000', 'Team-oriented transitional flexibility', '141.230.62.176');
insert into event (eventId, eventName, description, eventBriteLink) values (182, 'Hostel: Part II', 'Automated background throughput', '232.170.160.127');
insert into event (eventId, eventName, description, eventBriteLink) values (183, 'Wild Bunch, The', 'Team-oriented multi-tasking task-force', '10.144.65.225');
insert into event (eventId, eventName, description, eventBriteLink) values (184, 'Lovers, The (Les Amants)', 'Managed 24 hour hardware', '119.4.99.143');
insert into event (eventId, eventName, description, eventBriteLink) values (185, 'Reservoir Dogs', 'Fully-configurable full-range architecture', '209.249.191.196');
insert into event (eventId, eventName, description, eventBriteLink) values (186, 'Suburbans, The', 'Ameliorated national focus group', '198.104.2.221');
insert into event (eventId, eventName, description, eventBriteLink) values (187, 'Pain & Gain', 'Multi-channelled web-enabled Graphic Interface', '54.69.221.58');
insert into event (eventId, eventName, description, eventBriteLink) values (188, '20,000 Leagues Under the Sea', 'Phased 24 hour benchmark', '233.240.170.93');
insert into event (eventId, eventName, description, eventBriteLink) values (189, 'All for the Winner (Dou sing)', 'Configurable next generation algorithm', '114.13.0.56');
insert into event (eventId, eventName, description, eventBriteLink) values (190, 'Chess Players, The (Shatranj Ke Khilari)', 'Synergized tertiary interface', '82.85.137.164');
insert into event (eventId, eventName, description, eventBriteLink) values (191, 'Death to Smoochy', 'Seamless asynchronous parallelism', '85.153.221.172');
insert into event (eventId, eventName, description, eventBriteLink) values (192, 'Russkies', 'Optional even-keeled monitoring', '21.197.38.240');
insert into event (eventId, eventName, description, eventBriteLink) values (193, 'Hallelujah I''m a Bum', 'Digitized methodical collaboration', '153.52.208.45');
insert into event (eventId, eventName, description, eventBriteLink) values (194, 'Half Nelson', 'Progressive modular archive', '233.122.190.251');
insert into event (eventId, eventName, description, eventBriteLink) values (195, 'Anna Karenina', 'Optional dynamic core', '50.133.119.50');
insert into event (eventId, eventName, description, eventBriteLink) values (196, 'May Fools (Milou en mai)', 'Multi-channelled intangible archive', '130.123.204.71');
insert into event (eventId, eventName, description, eventBriteLink) values (197, 'Light Sleeper', 'Digitized systematic local area network', '209.79.195.50');
insert into event (eventId, eventName, description, eventBriteLink) values (198, 'Rain', 'Decentralized multi-state functionalities', '28.4.136.164');
insert into event (eventId, eventName, description, eventBriteLink) values (199, 'Hellsing Ultimate OVA Series', 'Upgradable stable function', '130.143.246.36');
insert into event (eventId, eventName, description, eventBriteLink) values (200, 'Ironweed', 'Multi-lateral multimedia complexity', '228.141.21.223');
insert into event (eventId, eventName, description, eventBriteLink) values (201, 'Deadly Prey', 'Open-source contextually-based contingency', '253.52.5.55');
insert into event (eventId, eventName, description, eventBriteLink) values (202, 'Wind and the Lion, The', 'Operative background approach', '240.225.112.49');
insert into event (eventId, eventName, description, eventBriteLink) values (203, 'Peanut Butter Solution, The', 'Seamless analyzing info-mediaries', '249.231.55.68');
insert into event (eventId, eventName, description, eventBriteLink) values (204, 'Last Taboo, The', 'Public-key fault-tolerant local area network', '75.147.176.50');
insert into event (eventId, eventName, description, eventBriteLink) values (205, 'If I Were King', 'Balanced bi-directional toolset', '81.63.52.16');
insert into event (eventId, eventName, description, eventBriteLink) values (206, 'The Miracle of Our Lady of Fatima', 'Focused foreground workforce', '234.219.58.116');
insert into event (eventId, eventName, description, eventBriteLink) values (207, 'Employment, The (Empleo, El)', 'Managed multi-state structure', '174.143.148.248');
insert into event (eventId, eventName, description, eventBriteLink) values (208, 'Thing, The', 'Enterprise-wide bandwidth-monitored hardware', '185.31.148.216');
insert into event (eventId, eventName, description, eventBriteLink) values (209, 'Wind with the Gone (El viento se llevó lo qué)', 'Profound attitude-oriented open architecture', '212.116.101.61');
insert into event (eventId, eventName, description, eventBriteLink) values (210, 'Eddie Izzard: Dress to Kill', 'Compatible maximized middleware', '219.102.82.118');
insert into event (eventId, eventName, description, eventBriteLink) values (211, 'Entity', 'Re-engineered mobile synergy', '55.138.87.207');
insert into event (eventId, eventName, description, eventBriteLink) values (212, 'Best of Youth, The (La meglio gioventù)', 'User-centric system-worthy data-warehouse', '2.89.252.116');
insert into event (eventId, eventName, description, eventBriteLink) values (213, 'Roula', 'Reverse-engineered directional hierarchy', '10.55.254.43');
insert into event (eventId, eventName, description, eventBriteLink) values (214, 'I Am (Jestem)', 'Multi-tiered value-added budgetary management', '188.24.102.243');
insert into event (eventId, eventName, description, eventBriteLink) values (215, 'Phantom of the Opera, The', 'Multi-layered cohesive benchmark', '217.214.35.16');
insert into event (eventId, eventName, description, eventBriteLink) values (216, 'Marathon Family, The (Maratonci Trce Pocasni Krug)', 'Open-architected foreground neural-net', '48.137.231.235');
insert into event (eventId, eventName, description, eventBriteLink) values (217, 'Tom Segura: Completely Normal', 'Persistent upward-trending model', '223.12.117.186');
insert into event (eventId, eventName, description, eventBriteLink) values (218, 'Salvation Boulevard', 'Right-sized asymmetric hardware', '108.134.80.22');
insert into event (eventId, eventName, description, eventBriteLink) values (219, 'Killjoy 2: Deliverance from Evil', 'Face to face zero defect ability', '146.180.104.202');
insert into event (eventId, eventName, description, eventBriteLink) values (220, 'Disappearance of Alice Creed, The', 'Fully-configurable homogeneous knowledge base', '80.27.148.224');
insert into event (eventId, eventName, description, eventBriteLink) values (221, 'The House on 56th Street', 'Secured value-added hub', '217.28.115.175');
insert into event (eventId, eventName, description, eventBriteLink) values (222, 'Advertising and the End of the World', 'Customizable 24/7 array', '247.18.124.249');
insert into event (eventId, eventName, description, eventBriteLink) values (223, '30 Beats', 'Visionary analyzing process improvement', '156.40.249.255');
insert into event (eventId, eventName, description, eventBriteLink) values (224, 'James Dean Remembered', 'Focused neutral parallelism', '49.82.52.190');
insert into event (eventId, eventName, description, eventBriteLink) values (225, 'Standby', 'Programmable uniform attitude', '84.218.11.134');
insert into event (eventId, eventName, description, eventBriteLink) values (226, 'Blood from the Mummy''s Tomb', 'Quality-focused 24/7 pricing structure', '223.166.171.193');
insert into event (eventId, eventName, description, eventBriteLink) values (227, 'Close', 'Mandatory scalable process improvement', '180.77.78.142');
insert into event (eventId, eventName, description, eventBriteLink) values (228, 'Unbelievable Truth, The', 'Profit-focused executive secured line', '248.200.6.244');
insert into event (eventId, eventName, description, eventBriteLink) values (229, 'Returner (Ritaanaa)', 'Cross-group neutral approach', '96.197.1.46');
insert into event (eventId, eventName, description, eventBriteLink) values (230, 'Eagle Eye', 'Vision-oriented composite complexity', '192.253.226.250');
insert into event (eventId, eventName, description, eventBriteLink) values (231, 'Bhowani Junction', 'Right-sized impactful software', '186.184.1.162');
insert into event (eventId, eventName, description, eventBriteLink) values (232, 'Day After Tomorrow, The', 'Cross-platform web-enabled moratorium', '213.175.139.214');
insert into event (eventId, eventName, description, eventBriteLink) values (233, 'Girl from Monday, The', 'De-engineered fresh-thinking functionalities', '151.132.139.2');
insert into event (eventId, eventName, description, eventBriteLink) values (234, 'Something Wild', 'Reverse-engineered bottom-line system engine', '213.123.77.4');
insert into event (eventId, eventName, description, eventBriteLink) values (235, 'House of the Spirits, The', 'Diverse object-oriented support', '172.103.35.148');
insert into event (eventId, eventName, description, eventBriteLink) values (236, 'Westward the Women', 'Advanced full-range encoding', '211.122.200.98');
insert into event (eventId, eventName, description, eventBriteLink) values (237, 'Fiancee, The (Parineeta)', 'Diverse methodical benchmark', '115.168.123.250');
insert into event (eventId, eventName, description, eventBriteLink) values (238, 'Dying Young', 'Devolved dynamic core', '91.227.137.115');
insert into event (eventId, eventName, description, eventBriteLink) values (239, 'Congress, The', 'Re-contextualized well-modulated help-desk', '66.254.10.69');
insert into event (eventId, eventName, description, eventBriteLink) values (240, 'Mendy: A Question of Faith', 'Progressive explicit system engine', '45.162.245.5');
insert into event (eventId, eventName, description, eventBriteLink) values (241, 'Runaway Brain ', 'Enhanced bi-directional analyzer', '36.207.109.107');
insert into event (eventId, eventName, description, eventBriteLink) values (242, 'Place Called Chiapas, A', 'Implemented zero administration data-warehouse', '51.72.181.86');
insert into event (eventId, eventName, description, eventBriteLink) values (243, 'Man Who Could Work Miracles, The', 'Adaptive holistic software', '108.151.6.212');
insert into event (eventId, eventName, description, eventBriteLink) values (244, 'Chant of Jimmy Blacksmith, The', 'Multi-tiered optimal internet solution', '178.185.27.139');
insert into event (eventId, eventName, description, eventBriteLink) values (245, 'Palermo Shooting', 'Implemented context-sensitive toolset', '125.66.181.114');
insert into event (eventId, eventName, description, eventBriteLink) values (246, 'The Harmony Game', 'Multi-lateral system-worthy knowledge user', '55.132.32.58');
insert into event (eventId, eventName, description, eventBriteLink) values (247, 'Malaya', 'De-engineered bi-directional protocol', '167.217.209.193');
insert into event (eventId, eventName, description, eventBriteLink) values (248, 'Careful', 'Monitored mobile protocol', '251.192.34.146');
insert into event (eventId, eventName, description, eventBriteLink) values (249, 'Silent House', 'De-engineered 5th generation hub', '130.37.113.194');
insert into event (eventId, eventName, description, eventBriteLink) values (250, 'Outbound (Periferic)', 'Extended 24 hour open architecture', '48.61.218.172');

/* eventCategory */
insert into eventCategory (eventId, categoryId, isRelatedCategory) values (18, 15, true);
insert into eventCategory (eventId, categoryId, isRelatedCategory) values (224, 8, true);
insert into eventCategory (eventId, categoryId, isRelatedCategory) values (144, 10, false);
insert into eventCategory (eventId, categoryId, isRelatedCategory) values (91, 9, false);
insert into eventCategory (eventId, categoryId, isRelatedCategory) values (8, 1, false);
insert into eventCategory (eventId, categoryId, isRelatedCategory) values (163, 6, false);
insert into eventCategory (eventId, categoryId, isRelatedCategory) values (128, 15, false);
insert into eventCategory (eventId, categoryId, isRelatedCategory) values (139, 10, false);
insert into eventCategory (eventId, categoryId, isRelatedCategory) values (82, 10, true);
insert into eventCategory (eventId, categoryId, isRelatedCategory) values (126, 12, true);
insert into eventCategory (eventId, categoryId, isRelatedCategory) values (145, 14, false);
insert into eventCategory (eventId, categoryId, isRelatedCategory) values (23, 13, true);
insert into eventCategory (eventId, categoryId, isRelatedCategory) values (223, 15, false);
insert into eventCategory (eventId, categoryId, isRelatedCategory) values (239, 8, true);
insert into eventCategory (eventId, categoryId, isRelatedCategory) values (244, 6, false);
insert into eventCategory (eventId, categoryId, isRelatedCategory) values (247, 11, true);
insert into eventCategory (eventId, categoryId, isRelatedCategory) values (155, 1, true);
insert into eventCategory (eventId, categoryId, isRelatedCategory) values (207, 7, true);
insert into eventCategory (eventId, categoryId, isRelatedCategory) values (242, 10, true);
insert into eventCategory (eventId, categoryId, isRelatedCategory) values (98, 1, true);
insert into eventCategory (eventId, categoryId, isRelatedCategory) values (19, 15, false);
insert into eventCategory (eventId, categoryId, isRelatedCategory) values (202, 8, true);
insert into eventCategory (eventId, categoryId, isRelatedCategory) values (239, 15, false);
insert into eventCategory (eventId, categoryId, isRelatedCategory) values (16, 2, true);
insert into eventCategory (eventId, categoryId, isRelatedCategory) values (155, 11, false);
insert into eventCategory (eventId, categoryId, isRelatedCategory) values (75, 13, false);
insert into eventCategory (eventId, categoryId, isRelatedCategory) values (64, 14, true);
insert into eventCategory (eventId, categoryId, isRelatedCategory) values (221, 10, true);
insert into eventCategory (eventId, categoryId, isRelatedCategory) values (7, 10, false);
insert into eventCategory (eventId, categoryId, isRelatedCategory) values (181, 11, false);
insert into eventCategory (eventId, categoryId, isRelatedCategory) values (135, 12, false);
insert into eventCategory (eventId, categoryId, isRelatedCategory) values (48, 1, false);
insert into eventCategory (eventId, categoryId, isRelatedCategory) values (150, 12, false);
insert into eventCategory (eventId, categoryId, isRelatedCategory) values (194, 13, false);
insert into eventCategory (eventId, categoryId, isRelatedCategory) values (66, 3, true);
insert into eventCategory (eventId, categoryId, isRelatedCategory) values (21, 5, false);
insert into eventCategory (eventId, categoryId, isRelatedCategory) values (232, 3, false);
insert into eventCategory (eventId, categoryId, isRelatedCategory) values (219, 7, true);
insert into eventCategory (eventId, categoryId, isRelatedCategory) values (219, 14, true);
insert into eventCategory (eventId, categoryId, isRelatedCategory) values (104, 9, false);
insert into eventCategory (eventId, categoryId, isRelatedCategory) values (86, 1, true);
insert into eventCategory (eventId, categoryId, isRelatedCategory) values (83, 12, true);
insert into eventCategory (eventId, categoryId, isRelatedCategory) values (6, 2, false);
insert into eventCategory (eventId, categoryId, isRelatedCategory) values (231, 10, true);
insert into eventCategory (eventId, categoryId, isRelatedCategory) values (176, 14, false);
insert into eventCategory (eventId, categoryId, isRelatedCategory) values (112, 2, true);
insert into eventCategory (eventId, categoryId, isRelatedCategory) values (97, 12, true);
insert into eventCategory (eventId, categoryId, isRelatedCategory) values (211, 15, true);
insert into eventCategory (eventId, categoryId, isRelatedCategory) values (181, 9, false);
insert into eventCategory (eventId, categoryId, isRelatedCategory) values (37, 9, true);
insert into eventCategory (eventId, categoryId, isRelatedCategory) values (93, 3, true);
insert into eventCategory (eventId, categoryId, isRelatedCategory) values (203, 13, true);
insert into eventCategory (eventId, categoryId, isRelatedCategory) values (245, 9, true);
insert into eventCategory (eventId, categoryId, isRelatedCategory) values (195, 15, true);
insert into eventCategory (eventId, categoryId, isRelatedCategory) values (226, 6, false);
insert into eventCategory (eventId, categoryId, isRelatedCategory) values (128, 9, false);
insert into eventCategory (eventId, categoryId, isRelatedCategory) values (71, 5, true);
insert into eventCategory (eventId, categoryId, isRelatedCategory) values (15, 2, false);
insert into eventCategory (eventId, categoryId, isRelatedCategory) values (134, 1, false);
insert into eventCategory (eventId, categoryId, isRelatedCategory) values (80, 9, true);
insert into eventCategory (eventId, categoryId, isRelatedCategory) values (62, 4, false);
insert into eventCategory (eventId, categoryId, isRelatedCategory) values (107, 8, false);
insert into eventCategory (eventId, categoryId, isRelatedCategory) values (220, 14, false);
insert into eventCategory (eventId, categoryId, isRelatedCategory) values (218, 10, false);
insert into eventCategory (eventId, categoryId, isRelatedCategory) values (140, 10, true);
insert into eventCategory (eventId, categoryId, isRelatedCategory) values (243, 2, false);
insert into eventCategory (eventId, categoryId, isRelatedCategory) values (45, 5, true);
insert into eventCategory (eventId, categoryId, isRelatedCategory) values (162, 1, false);
insert into eventCategory (eventId, categoryId, isRelatedCategory) values (183, 5, true);
insert into eventCategory (eventId, categoryId, isRelatedCategory) values (90, 6, true);
insert into eventCategory (eventId, categoryId, isRelatedCategory) values (222, 2, true);
insert into eventCategory (eventId, categoryId, isRelatedCategory) values (6, 6, true);
insert into eventCategory (eventId, categoryId, isRelatedCategory) values (8, 4, true);
insert into eventCategory (eventId, categoryId, isRelatedCategory) values (9, 14, false);
insert into eventCategory (eventId, categoryId, isRelatedCategory) values (1, 3, true);
insert into eventCategory (eventId, categoryId, isRelatedCategory) values (239, 6, false);
insert into eventCategory (eventId, categoryId, isRelatedCategory) values (200, 12, false);
insert into eventCategory (eventId, categoryId, isRelatedCategory) values (180, 15, false);
insert into eventCategory (eventId, categoryId, isRelatedCategory) values (10, 10, true);
insert into eventCategory (eventId, categoryId, isRelatedCategory) values (46, 14, false);
insert into eventCategory (eventId, categoryId, isRelatedCategory) values (58, 5, false);
insert into eventCategory (eventId, categoryId, isRelatedCategory) values (160, 15, false);
insert into eventCategory (eventId, categoryId, isRelatedCategory) values (84, 6, true);
insert into eventCategory (eventId, categoryId, isRelatedCategory) values (87, 13, false);
insert into eventCategory (eventId, categoryId, isRelatedCategory) values (74, 7, true);
insert into eventCategory (eventId, categoryId, isRelatedCategory) values (138, 6, false);
insert into eventCategory (eventId, categoryId, isRelatedCategory) values (234, 11, true);
insert into eventCategory (eventId, categoryId, isRelatedCategory) values (97, 15, true);
insert into eventCategory (eventId, categoryId, isRelatedCategory) values (209, 1, true);
insert into eventCategory (eventId, categoryId, isRelatedCategory) values (212, 8, true);
insert into eventCategory (eventId, categoryId, isRelatedCategory) values (136, 12, false);
insert into eventCategory (eventId, categoryId, isRelatedCategory) values (95, 7, true);
insert into eventCategory (eventId, categoryId, isRelatedCategory) values (201, 9, false);
insert into eventCategory (eventId, categoryId, isRelatedCategory) values (225, 4, true);
insert into eventCategory (eventId, categoryId, isRelatedCategory) values (149, 3, true);
insert into eventCategory (eventId, categoryId, isRelatedCategory) values (43, 9, true);
insert into eventCategory (eventId, categoryId, isRelatedCategory) values (47, 7, true);
insert into eventCategory (eventId, categoryId, isRelatedCategory) values (40, 3, true);
insert into eventCategory (eventId, categoryId, isRelatedCategory) values (104, 6, true);
insert into eventCategory (eventId, categoryId, isRelatedCategory) values (120, 13, true);
insert into eventCategory (eventId, categoryId, isRelatedCategory) values (90, 10, true);
insert into eventCategory (eventId, categoryId, isRelatedCategory) values (75, 8, true);
insert into eventCategory (eventId, categoryId, isRelatedCategory) values (105, 13, true);
insert into eventCategory (eventId, categoryId, isRelatedCategory) values (231, 15, false);
insert into eventCategory (eventId, categoryId, isRelatedCategory) values (201, 2, false);
insert into eventCategory (eventId, categoryId, isRelatedCategory) values (241, 11, true);
insert into eventCategory (eventId, categoryId, isRelatedCategory) values (104, 2, false);
insert into eventCategory (eventId, categoryId, isRelatedCategory) values (66, 7, false);
insert into eventCategory (eventId, categoryId, isRelatedCategory) values (86, 2, false);
insert into eventCategory (eventId, categoryId, isRelatedCategory) values (88, 7, false);
insert into eventCategory (eventId, categoryId, isRelatedCategory) values (183, 5, false);
insert into eventCategory (eventId, categoryId, isRelatedCategory) values (118, 8, true);
insert into eventCategory (eventId, categoryId, isRelatedCategory) values (15, 7, false);
insert into eventCategory (eventId, categoryId, isRelatedCategory) values (67, 4, true);
insert into eventCategory (eventId, categoryId, isRelatedCategory) values (140, 14, true);
insert into eventCategory (eventId, categoryId, isRelatedCategory) values (152, 2, false);
insert into eventCategory (eventId, categoryId, isRelatedCategory) values (75, 14, true);
insert into eventCategory (eventId, categoryId, isRelatedCategory) values (210, 5, true);
insert into eventCategory (eventId, categoryId, isRelatedCategory) values (152, 1, true);
insert into eventCategory (eventId, categoryId, isRelatedCategory) values (36, 12, false);
insert into eventCategory (eventId, categoryId, isRelatedCategory) values (7, 6, false);
insert into eventCategory (eventId, categoryId, isRelatedCategory) values (200, 12, true);
insert into eventCategory (eventId, categoryId, isRelatedCategory) values (234, 15, false);
insert into eventCategory (eventId, categoryId, isRelatedCategory) values (90, 8, true);
insert into eventCategory (eventId, categoryId, isRelatedCategory) values (220, 4, false);
insert into eventCategory (eventId, categoryId, isRelatedCategory) values (38, 8, true);
insert into eventCategory (eventId, categoryId, isRelatedCategory) values (151, 10, true);
insert into eventCategory (eventId, categoryId, isRelatedCategory) values (117, 2, false);
insert into eventCategory (eventId, categoryId, isRelatedCategory) values (59, 3, true);
insert into eventCategory (eventId, categoryId, isRelatedCategory) values (56, 1, false);
insert into eventCategory (eventId, categoryId, isRelatedCategory) values (93, 2, true);
insert into eventCategory (eventId, categoryId, isRelatedCategory) values (40, 3, false);
insert into eventCategory (eventId, categoryId, isRelatedCategory) values (92, 1, true);
insert into eventCategory (eventId, categoryId, isRelatedCategory) values (41, 9, true);
insert into eventCategory (eventId, categoryId, isRelatedCategory) values (201, 9, false);
insert into eventCategory (eventId, categoryId, isRelatedCategory) values (24, 10, false);
insert into eventCategory (eventId, categoryId, isRelatedCategory) values (117, 8, true);
insert into eventCategory (eventId, categoryId, isRelatedCategory) values (55, 10, false);
insert into eventCategory (eventId, categoryId, isRelatedCategory) values (123, 12, false);
insert into eventCategory (eventId, categoryId, isRelatedCategory) values (131, 2, false);
insert into eventCategory (eventId, categoryId, isRelatedCategory) values (9, 4, false);
insert into eventCategory (eventId, categoryId, isRelatedCategory) values (202, 11, true);
insert into eventCategory (eventId, categoryId, isRelatedCategory) values (24, 9, false);
insert into eventCategory (eventId, categoryId, isRelatedCategory) values (109, 10, true);
insert into eventCategory (eventId, categoryId, isRelatedCategory) values (21, 6, false);
insert into eventCategory (eventId, categoryId, isRelatedCategory) values (221, 8, false);
insert into eventCategory (eventId, categoryId, isRelatedCategory) values (75, 2, false);
insert into eventCategory (eventId, categoryId, isRelatedCategory) values (66, 6, false);
insert into eventCategory (eventId, categoryId, isRelatedCategory) values (35, 9, false);
insert into eventCategory (eventId, categoryId, isRelatedCategory) values (248, 13, true);
insert into eventCategory (eventId, categoryId, isRelatedCategory) values (204, 15, true);
insert into eventCategory (eventId, categoryId, isRelatedCategory) values (70, 9, false);
insert into eventCategory (eventId, categoryId, isRelatedCategory) values (65, 8, true);
insert into eventCategory (eventId, categoryId, isRelatedCategory) values (62, 9, true);
insert into eventCategory (eventId, categoryId, isRelatedCategory) values (6, 6, false);
insert into eventCategory (eventId, categoryId, isRelatedCategory) values (165, 11, false);
insert into eventCategory (eventId, categoryId, isRelatedCategory) values (249, 7, false);
insert into eventCategory (eventId, categoryId, isRelatedCategory) values (142, 2, true);
insert into eventCategory (eventId, categoryId, isRelatedCategory) values (30, 1, true);
insert into eventCategory (eventId, categoryId, isRelatedCategory) values (131, 11, false);
insert into eventCategory (eventId, categoryId, isRelatedCategory) values (132, 12, false);
insert into eventCategory (eventId, categoryId, isRelatedCategory) values (148, 1, true);
insert into eventCategory (eventId, categoryId, isRelatedCategory) values (176, 6, true);
insert into eventCategory (eventId, categoryId, isRelatedCategory) values (80, 15, false);
insert into eventCategory (eventId, categoryId, isRelatedCategory) values (114, 15, false);
insert into eventCategory (eventId, categoryId, isRelatedCategory) values (88, 12, false);
insert into eventCategory (eventId, categoryId, isRelatedCategory) values (223, 5, true);
insert into eventCategory (eventId, categoryId, isRelatedCategory) values (194, 5, false);
insert into eventCategory (eventId, categoryId, isRelatedCategory) values (201, 12, true);
insert into eventCategory (eventId, categoryId, isRelatedCategory) values (230, 10, true);
insert into eventCategory (eventId, categoryId, isRelatedCategory) values (167, 14, false);
insert into eventCategory (eventId, categoryId, isRelatedCategory) values (225, 10, false);
insert into eventCategory (eventId, categoryId, isRelatedCategory) values (213, 1, false);
insert into eventCategory (eventId, categoryId, isRelatedCategory) values (114, 3, true);
insert into eventCategory (eventId, categoryId, isRelatedCategory) values (69, 13, true);
insert into eventCategory (eventId, categoryId, isRelatedCategory) values (139, 3, false);
insert into eventCategory (eventId, categoryId, isRelatedCategory) values (29, 13, false);
insert into eventCategory (eventId, categoryId, isRelatedCategory) values (28, 5, true);
insert into eventCategory (eventId, categoryId, isRelatedCategory) values (85, 9, false);
insert into eventCategory (eventId, categoryId, isRelatedCategory) values (90, 7, true);
insert into eventCategory (eventId, categoryId, isRelatedCategory) values (87, 9, false);
insert into eventCategory (eventId, categoryId, isRelatedCategory) values (237, 5, true);
insert into eventCategory (eventId, categoryId, isRelatedCategory) values (98, 9, true);
insert into eventCategory (eventId, categoryId, isRelatedCategory) values (38, 14, true);
insert into eventCategory (eventId, categoryId, isRelatedCategory) values (180, 7, false);
insert into eventCategory (eventId, categoryId, isRelatedCategory) values (200, 11, true);
insert into eventCategory (eventId, categoryId, isRelatedCategory) values (228, 10, false);
insert into eventCategory (eventId, categoryId, isRelatedCategory) values (164, 8, false);
insert into eventCategory (eventId, categoryId, isRelatedCategory) values (99, 13, false);
insert into eventCategory (eventId, categoryId, isRelatedCategory) values (48, 13, false);
insert into eventCategory (eventId, categoryId, isRelatedCategory) values (42, 8, true);
insert into eventCategory (eventId, categoryId, isRelatedCategory) values (236, 10, true);
insert into eventCategory (eventId, categoryId, isRelatedCategory) values (35, 6, true);
insert into eventCategory (eventId, categoryId, isRelatedCategory) values (166, 5, true);
insert into eventCategory (eventId, categoryId, isRelatedCategory) values (233, 4, false);
insert into eventCategory (eventId, categoryId, isRelatedCategory) values (123, 5, true);
insert into eventCategory (eventId, categoryId, isRelatedCategory) values (162, 11, false);
insert into eventCategory (eventId, categoryId, isRelatedCategory) values (181, 11, true);
insert into eventCategory (eventId, categoryId, isRelatedCategory) values (32, 3, true);
insert into eventCategory (eventId, categoryId, isRelatedCategory) values (178, 11, true);
insert into eventCategory (eventId, categoryId, isRelatedCategory) values (218, 1, false);
insert into eventCategory (eventId, categoryId, isRelatedCategory) values (60, 10, true);
insert into eventCategory (eventId, categoryId, isRelatedCategory) values (132, 10, false);
insert into eventCategory (eventId, categoryId, isRelatedCategory) values (25, 5, false);
insert into eventCategory (eventId, categoryId, isRelatedCategory) values (235, 11, true);
insert into eventCategory (eventId, categoryId, isRelatedCategory) values (125, 15, true);
insert into eventCategory (eventId, categoryId, isRelatedCategory) values (238, 14, false);
insert into eventCategory (eventId, categoryId, isRelatedCategory) values (201, 15, false);
insert into eventCategory (eventId, categoryId, isRelatedCategory) values (5, 2, true);
insert into eventCategory (eventId, categoryId, isRelatedCategory) values (247, 4, false);
insert into eventCategory (eventId, categoryId, isRelatedCategory) values (248, 10, false);
insert into eventCategory (eventId, categoryId, isRelatedCategory) values (210, 5, true);
insert into eventCategory (eventId, categoryId, isRelatedCategory) values (115, 1, true);
insert into eventCategory (eventId, categoryId, isRelatedCategory) values (160, 10, true);
insert into eventCategory (eventId, categoryId, isRelatedCategory) values (201, 15, false);
insert into eventCategory (eventId, categoryId, isRelatedCategory) values (62, 5, true);
insert into eventCategory (eventId, categoryId, isRelatedCategory) values (53, 7, false);
insert into eventCategory (eventId, categoryId, isRelatedCategory) values (168, 7, true);
insert into eventCategory (eventId, categoryId, isRelatedCategory) values (15, 8, true);
insert into eventCategory (eventId, categoryId, isRelatedCategory) values (99, 10, false);
insert into eventCategory (eventId, categoryId, isRelatedCategory) values (247, 10, true);
insert into eventCategory (eventId, categoryId, isRelatedCategory) values (194, 13, true);
insert into eventCategory (eventId, categoryId, isRelatedCategory) values (215, 9, false);
insert into eventCategory (eventId, categoryId, isRelatedCategory) values (31, 13, true);
insert into eventCategory (eventId, categoryId, isRelatedCategory) values (153, 15, false);
insert into eventCategory (eventId, categoryId, isRelatedCategory) values (56, 12, false);
insert into eventCategory (eventId, categoryId, isRelatedCategory) values (170, 1, false);
insert into eventCategory (eventId, categoryId, isRelatedCategory) values (153, 12, false);
insert into eventCategory (eventId, categoryId, isRelatedCategory) values (169, 5, true);
insert into eventCategory (eventId, categoryId, isRelatedCategory) values (84, 9, false);
insert into eventCategory (eventId, categoryId, isRelatedCategory) values (143, 14, true);
insert into eventCategory (eventId, categoryId, isRelatedCategory) values (49, 1, true);
insert into eventCategory (eventId, categoryId, isRelatedCategory) values (74, 11, false);
insert into eventCategory (eventId, categoryId, isRelatedCategory) values (9, 1, true);
insert into eventCategory (eventId, categoryId, isRelatedCategory) values (124, 7, false);
insert into eventCategory (eventId, categoryId, isRelatedCategory) values (216, 15, false);
insert into eventCategory (eventId, categoryId, isRelatedCategory) values (10, 8, true);
insert into eventCategory (eventId, categoryId, isRelatedCategory) values (22, 9, false);
insert into eventCategory (eventId, categoryId, isRelatedCategory) values (221, 1, true);
insert into eventCategory (eventId, categoryId, isRelatedCategory) values (232, 5, false);
insert into eventCategory (eventId, categoryId, isRelatedCategory) values (112, 6, true);
insert into eventCategory (eventId, categoryId, isRelatedCategory) values (17, 9, true);
insert into eventCategory (eventId, categoryId, isRelatedCategory) values (215, 4, true);
insert into eventCategory (eventId, categoryId, isRelatedCategory) values (6, 12, false);
insert into eventCategory (eventId, categoryId, isRelatedCategory) values (89, 4, false);
insert into eventCategory (eventId, categoryId, isRelatedCategory) values (208, 10, true);
insert into eventCategory (eventId, categoryId, isRelatedCategory) values (48, 2, true);
insert into eventCategory (eventId, categoryId, isRelatedCategory) values (230, 12, false);
insert into eventCategory (eventId, categoryId, isRelatedCategory) values (244, 4, false);
insert into eventCategory (eventId, categoryId, isRelatedCategory) values (107, 14, true);
insert into eventCategory (eventId, categoryId, isRelatedCategory) values (159, 8, false);
insert into eventCategory (eventId, categoryId, isRelatedCategory) values (107, 9, true);
insert into eventCategory (eventId, categoryId, isRelatedCategory) values (94, 4, false);
insert into eventCategory (eventId, categoryId, isRelatedCategory) values (96, 8, true);
insert into eventCategory (eventId, categoryId, isRelatedCategory) values (77, 15, true);
insert into eventCategory (eventId, categoryId, isRelatedCategory) values (71, 8, true);
insert into eventCategory (eventId, categoryId, isRelatedCategory) values (50, 9, false);
insert into eventCategory (eventId, categoryId, isRelatedCategory) values (73, 10, true);
insert into eventCategory (eventId, categoryId, isRelatedCategory) values (209, 15, false);
insert into eventCategory (eventId, categoryId, isRelatedCategory) values (233, 4, true);
insert into eventCategory (eventId, categoryId, isRelatedCategory) values (101, 12, true);
insert into eventCategory (eventId, categoryId, isRelatedCategory) values (39, 10, true);
insert into eventCategory (eventId, categoryId, isRelatedCategory) values (117, 6, true);
insert into eventCategory (eventId, categoryId, isRelatedCategory) values (126, 5, false);
insert into eventCategory (eventId, categoryId, isRelatedCategory) values (182, 1, false);
insert into eventCategory (eventId, categoryId, isRelatedCategory) values (60, 6, false);
insert into eventCategory (eventId, categoryId, isRelatedCategory) values (232, 9, false);
insert into eventCategory (eventId, categoryId, isRelatedCategory) values (227, 1, true);
insert into eventCategory (eventId, categoryId, isRelatedCategory) values (134, 10, false);
insert into eventCategory (eventId, categoryId, isRelatedCategory) values (36, 4, false);
insert into eventCategory (eventId, categoryId, isRelatedCategory) values (64, 7, false);
insert into eventCategory (eventId, categoryId, isRelatedCategory) values (187, 13, false);
insert into eventCategory (eventId, categoryId, isRelatedCategory) values (104, 7, true);
insert into eventCategory (eventId, categoryId, isRelatedCategory) values (216, 11, false);
insert into eventCategory (eventId, categoryId, isRelatedCategory) values (23, 10, false);
insert into eventCategory (eventId, categoryId, isRelatedCategory) values (199, 2, true);
insert into eventCategory (eventId, categoryId, isRelatedCategory) values (185, 2, false);
insert into eventCategory (eventId, categoryId, isRelatedCategory) values (31, 7, false);
insert into eventCategory (eventId, categoryId, isRelatedCategory) values (159, 12, true);
insert into eventCategory (eventId, categoryId, isRelatedCategory) values (221, 15, true);
insert into eventCategory (eventId, categoryId, isRelatedCategory) values (6, 14, true);
insert into eventCategory (eventId, categoryId, isRelatedCategory) values (123, 9, false);
insert into eventCategory (eventId, categoryId, isRelatedCategory) values (132, 5, false);
insert into eventCategory (eventId, categoryId, isRelatedCategory) values (94, 5, false);
insert into eventCategory (eventId, categoryId, isRelatedCategory) values (243, 4, true);
insert into eventCategory (eventId, categoryId, isRelatedCategory) values (182, 15, false);
insert into eventCategory (eventId, categoryId, isRelatedCategory) values (96, 11, true);
insert into eventCategory (eventId, categoryId, isRelatedCategory) values (144, 14, false);
insert into eventCategory (eventId, categoryId, isRelatedCategory) values (168, 15, false);
insert into eventCategory (eventId, categoryId, isRelatedCategory) values (31, 15, true);
insert into eventCategory (eventId, categoryId, isRelatedCategory) values (106, 4, true);
insert into eventCategory (eventId, categoryId, isRelatedCategory) values (229, 2, true);
insert into eventCategory (eventId, categoryId, isRelatedCategory) values (137, 8, false);
insert into eventCategory (eventId, categoryId, isRelatedCategory) values (33, 11, true);
insert into eventCategory (eventId, categoryId, isRelatedCategory) values (210, 6, false);
insert into eventCategory (eventId, categoryId, isRelatedCategory) values (208, 1, false);
insert into eventCategory (eventId, categoryId, isRelatedCategory) values (229, 5, false);
insert into eventCategory (eventId, categoryId, isRelatedCategory) values (128, 7, true);
insert into eventCategory (eventId, categoryId, isRelatedCategory) values (202, 4, false);
insert into eventCategory (eventId, categoryId, isRelatedCategory) values (206, 6, true);
insert into eventCategory (eventId, categoryId, isRelatedCategory) values (212, 1, false);
insert into eventCategory (eventId, categoryId, isRelatedCategory) values (51, 10, false);
insert into eventCategory (eventId, categoryId, isRelatedCategory) values (20, 9, true);
insert into eventCategory (eventId, categoryId, isRelatedCategory) values (188, 3, true);
insert into eventCategory (eventId, categoryId, isRelatedCategory) values (187, 9, false);
insert into eventCategory (eventId, categoryId, isRelatedCategory) values (226, 12, false);
insert into eventCategory (eventId, categoryId, isRelatedCategory) values (135, 12, false);
insert into eventCategory (eventId, categoryId, isRelatedCategory) values (65, 14, true);
insert into eventCategory (eventId, categoryId, isRelatedCategory) values (50, 1, false);
insert into eventCategory (eventId, categoryId, isRelatedCategory) values (62, 14, false);
insert into eventCategory (eventId, categoryId, isRelatedCategory) values (10, 14, true);
insert into eventCategory (eventId, categoryId, isRelatedCategory) values (224, 9, true);
insert into eventCategory (eventId, categoryId, isRelatedCategory) values (144, 6, false);
insert into eventCategory (eventId, categoryId, isRelatedCategory) values (180, 6, true);
insert into eventCategory (eventId, categoryId, isRelatedCategory) values (247, 2, false);
insert into eventCategory (eventId, categoryId, isRelatedCategory) values (30, 9, false);
insert into eventCategory (eventId, categoryId, isRelatedCategory) values (191, 10, true);
insert into eventCategory (eventId, categoryId, isRelatedCategory) values (195, 12, false);
insert into eventCategory (eventId, categoryId, isRelatedCategory) values (104, 6, true);
insert into eventCategory (eventId, categoryId, isRelatedCategory) values (108, 5, false);
insert into eventCategory (eventId, categoryId, isRelatedCategory) values (132, 13, true);
insert into eventCategory (eventId, categoryId, isRelatedCategory) values (209, 6, true);
insert into eventCategory (eventId, categoryId, isRelatedCategory) values (171, 9, true);
insert into eventCategory (eventId, categoryId, isRelatedCategory) values (151, 13, false);
insert into eventCategory (eventId, categoryId, isRelatedCategory) values (185, 12, true);
insert into eventCategory (eventId, categoryId, isRelatedCategory) values (47, 14, false);
insert into eventCategory (eventId, categoryId, isRelatedCategory) values (39, 15, false);
insert into eventCategory (eventId, categoryId, isRelatedCategory) values (226, 9, false);
insert into eventCategory (eventId, categoryId, isRelatedCategory) values (120, 6, false);
insert into eventCategory (eventId, categoryId, isRelatedCategory) values (84, 12, true);
insert into eventCategory (eventId, categoryId, isRelatedCategory) values (206, 4, true);
insert into eventCategory (eventId, categoryId, isRelatedCategory) values (178, 2, true);
insert into eventCategory (eventId, categoryId, isRelatedCategory) values (8, 6, true);
insert into eventCategory (eventId, categoryId, isRelatedCategory) values (100, 11, true);
insert into eventCategory (eventId, categoryId, isRelatedCategory) values (182, 11, false);
insert into eventCategory (eventId, categoryId, isRelatedCategory) values (85, 13, true);
insert into eventCategory (eventId, categoryId, isRelatedCategory) values (80, 15, true);
insert into eventCategory (eventId, categoryId, isRelatedCategory) values (26, 4, false);
insert into eventCategory (eventId, categoryId, isRelatedCategory) values (148, 6, false);
insert into eventCategory (eventId, categoryId, isRelatedCategory) values (126, 13, true);
insert into eventCategory (eventId, categoryId, isRelatedCategory) values (84, 11, true);
insert into eventCategory (eventId, categoryId, isRelatedCategory) values (52, 4, true);
insert into eventCategory (eventId, categoryId, isRelatedCategory) values (161, 14, true);
insert into eventCategory (eventId, categoryId, isRelatedCategory) values (181, 4, false);
insert into eventCategory (eventId, categoryId, isRelatedCategory) values (224, 10, false);
insert into eventCategory (eventId, categoryId, isRelatedCategory) values (224, 1, true);
insert into eventCategory (eventId, categoryId, isRelatedCategory) values (114, 7, true);
insert into eventCategory (eventId, categoryId, isRelatedCategory) values (144, 5, true);
insert into eventCategory (eventId, categoryId, isRelatedCategory) values (65, 5, true);
insert into eventCategory (eventId, categoryId, isRelatedCategory) values (226, 9, false);
insert into eventCategory (eventId, categoryId, isRelatedCategory) values (38, 3, false);
insert into eventCategory (eventId, categoryId, isRelatedCategory) values (88, 13, true);
insert into eventCategory (eventId, categoryId, isRelatedCategory) values (128, 11, true);
insert into eventCategory (eventId, categoryId, isRelatedCategory) values (105, 14, true);
insert into eventCategory (eventId, categoryId, isRelatedCategory) values (130, 3, false);
insert into eventCategory (eventId, categoryId, isRelatedCategory) values (14, 5, true);
insert into eventCategory (eventId, categoryId, isRelatedCategory) values (88, 3, false);
insert into eventCategory (eventId, categoryId, isRelatedCategory) values (135, 15, true);
insert into eventCategory (eventId, categoryId, isRelatedCategory) values (74, 3, false);
insert into eventCategory (eventId, categoryId, isRelatedCategory) values (11, 3, false);
insert into eventCategory (eventId, categoryId, isRelatedCategory) values (117, 2, false);
insert into eventCategory (eventId, categoryId, isRelatedCategory) values (63, 14, false);
insert into eventCategory (eventId, categoryId, isRelatedCategory) values (91, 9, true);
insert into eventCategory (eventId, categoryId, isRelatedCategory) values (196, 5, false);
insert into eventCategory (eventId, categoryId, isRelatedCategory) values (238, 5, false);
insert into eventCategory (eventId, categoryId, isRelatedCategory) values (232, 7, false);
insert into eventCategory (eventId, categoryId, isRelatedCategory) values (250, 12, true);
insert into eventCategory (eventId, categoryId, isRelatedCategory) values (93, 9, false);
insert into eventCategory (eventId, categoryId, isRelatedCategory) values (16, 2, true);
insert into eventCategory (eventId, categoryId, isRelatedCategory) values (67, 12, true);
insert into eventCategory (eventId, categoryId, isRelatedCategory) values (86, 10, false);
insert into eventCategory (eventId, categoryId, isRelatedCategory) values (63, 12, false);
insert into eventCategory (eventId, categoryId, isRelatedCategory) values (112, 10, true);
insert into eventCategory (eventId, categoryId, isRelatedCategory) values (104, 1, false);
insert into eventCategory (eventId, categoryId, isRelatedCategory) values (221, 9, false);
insert into eventCategory (eventId, categoryId, isRelatedCategory) values (33, 8, true);
insert into eventCategory (eventId, categoryId, isRelatedCategory) values (232, 8, true);
insert into eventCategory (eventId, categoryId, isRelatedCategory) values (21, 1, false);
insert into eventCategory (eventId, categoryId, isRelatedCategory) values (218, 9, true);
insert into eventCategory (eventId, categoryId, isRelatedCategory) values (141, 5, true);
insert into eventCategory (eventId, categoryId, isRelatedCategory) values (107, 15, false);
insert into eventCategory (eventId, categoryId, isRelatedCategory) values (77, 15, true);
insert into eventCategory (eventId, categoryId, isRelatedCategory) values (31, 7, false);
insert into eventCategory (eventId, categoryId, isRelatedCategory) values (163, 8, true);
insert into eventCategory (eventId, categoryId, isRelatedCategory) values (194, 4, false);
insert into eventCategory (eventId, categoryId, isRelatedCategory) values (171, 14, true);
insert into eventCategory (eventId, categoryId, isRelatedCategory) values (45, 6, false);
insert into eventCategory (eventId, categoryId, isRelatedCategory) values (48, 11, true);
insert into eventCategory (eventId, categoryId, isRelatedCategory) values (232, 8, false);
insert into eventCategory (eventId, categoryId, isRelatedCategory) values (179, 1, true);
insert into eventCategory (eventId, categoryId, isRelatedCategory) values (81, 5, false);
insert into eventCategory (eventId, categoryId, isRelatedCategory) values (137, 1, true);
insert into eventCategory (eventId, categoryId, isRelatedCategory) values (34, 7, true);
insert into eventCategory (eventId, categoryId, isRelatedCategory) values (141, 4, true);
insert into eventCategory (eventId, categoryId, isRelatedCategory) values (201, 11, true);
insert into eventCategory (eventId, categoryId, isRelatedCategory) values (132, 5, false);
insert into eventCategory (eventId, categoryId, isRelatedCategory) values (244, 12, false);
insert into eventCategory (eventId, categoryId, isRelatedCategory) values (217, 15, true);
insert into eventCategory (eventId, categoryId, isRelatedCategory) values (178, 3, true);
insert into eventCategory (eventId, categoryId, isRelatedCategory) values (109, 12, false);
insert into eventCategory (eventId, categoryId, isRelatedCategory) values (226, 8, true);
insert into eventCategory (eventId, categoryId, isRelatedCategory) values (3, 1, false);
insert into eventCategory (eventId, categoryId, isRelatedCategory) values (228, 6, true);
insert into eventCategory (eventId, categoryId, isRelatedCategory) values (147, 1, false);
insert into eventCategory (eventId, categoryId, isRelatedCategory) values (18, 9, true);
insert into eventCategory (eventId, categoryId, isRelatedCategory) values (17, 11, false);
insert into eventCategory (eventId, categoryId, isRelatedCategory) values (65, 8, true);
insert into eventCategory (eventId, categoryId, isRelatedCategory) values (109, 3, true);
insert into eventCategory (eventId, categoryId, isRelatedCategory) values (75, 1, true);
insert into eventCategory (eventId, categoryId, isRelatedCategory) values (42, 7, false);
insert into eventCategory (eventId, categoryId, isRelatedCategory) values (37, 2, false);
insert into eventCategory (eventId, categoryId, isRelatedCategory) values (1, 10, true);
insert into eventCategory (eventId, categoryId, isRelatedCategory) values (172, 14, true);
insert into eventCategory (eventId, categoryId, isRelatedCategory) values (43, 10, false);
insert into eventCategory (eventId, categoryId, isRelatedCategory) values (111, 10, true);
insert into eventCategory (eventId, categoryId, isRelatedCategory) values (183, 11, true);
insert into eventCategory (eventId, categoryId, isRelatedCategory) values (192, 13, true);
insert into eventCategory (eventId, categoryId, isRelatedCategory) values (226, 13, true);
insert into eventCategory (eventId, categoryId, isRelatedCategory) values (91, 3, true);
insert into eventCategory (eventId, categoryId, isRelatedCategory) values (181, 9, false);
insert into eventCategory (eventId, categoryId, isRelatedCategory) values (194, 10, false);
insert into eventCategory (eventId, categoryId, isRelatedCategory) values (137, 13, true);
insert into eventCategory (eventId, categoryId, isRelatedCategory) values (109, 6, false);
insert into eventCategory (eventId, categoryId, isRelatedCategory) values (121, 11, false);
insert into eventCategory (eventId, categoryId, isRelatedCategory) values (106, 5, false);
insert into eventCategory (eventId, categoryId, isRelatedCategory) values (10, 3, true);
insert into eventCategory (eventId, categoryId, isRelatedCategory) values (84, 2, true);
insert into eventCategory (eventId, categoryId, isRelatedCategory) values (46, 11, true);
insert into eventCategory (eventId, categoryId, isRelatedCategory) values (228, 10, false);
insert into eventCategory (eventId, categoryId, isRelatedCategory) values (14, 8, true);
insert into eventCategory (eventId, categoryId, isRelatedCategory) values (141, 13, false);
insert into eventCategory (eventId, categoryId, isRelatedCategory) values (16, 13, true);
insert into eventCategory (eventId, categoryId, isRelatedCategory) values (37, 4, true);
insert into eventCategory (eventId, categoryId, isRelatedCategory) values (130, 3, false);
insert into eventCategory (eventId, categoryId, isRelatedCategory) values (221, 7, false);
insert into eventCategory (eventId, categoryId, isRelatedCategory) values (219, 11, true);
insert into eventCategory (eventId, categoryId, isRelatedCategory) values (49, 8, true);
insert into eventCategory (eventId, categoryId, isRelatedCategory) values (106, 2, true);
insert into eventCategory (eventId, categoryId, isRelatedCategory) values (172, 6, true);
insert into eventCategory (eventId, categoryId, isRelatedCategory) values (57, 9, true);
insert into eventCategory (eventId, categoryId, isRelatedCategory) values (38, 15, true);
insert into eventCategory (eventId, categoryId, isRelatedCategory) values (10, 8, false);
insert into eventCategory (eventId, categoryId, isRelatedCategory) values (248, 15, true);
insert into eventCategory (eventId, categoryId, isRelatedCategory) values (244, 5, false);
insert into eventCategory (eventId, categoryId, isRelatedCategory) values (62, 8, true);
insert into eventCategory (eventId, categoryId, isRelatedCategory) values (38, 13, false);
insert into eventCategory (eventId, categoryId, isRelatedCategory) values (75, 4, true);
insert into eventCategory (eventId, categoryId, isRelatedCategory) values (154, 10, true);
insert into eventCategory (eventId, categoryId, isRelatedCategory) values (243, 13, false);
insert into eventCategory (eventId, categoryId, isRelatedCategory) values (168, 10, false);
insert into eventCategory (eventId, categoryId, isRelatedCategory) values (78, 9, false);
insert into eventCategory (eventId, categoryId, isRelatedCategory) values (248, 9, false);
insert into eventCategory (eventId, categoryId, isRelatedCategory) values (106, 5, true);
insert into eventCategory (eventId, categoryId, isRelatedCategory) values (145, 10, false);
insert into eventCategory (eventId, categoryId, isRelatedCategory) values (185, 2, false);
insert into eventCategory (eventId, categoryId, isRelatedCategory) values (44, 1, true);
insert into eventCategory (eventId, categoryId, isRelatedCategory) values (125, 14, false);
insert into eventCategory (eventId, categoryId, isRelatedCategory) values (206, 7, false);
insert into eventCategory (eventId, categoryId, isRelatedCategory) values (125, 8, true);
insert into eventCategory (eventId, categoryId, isRelatedCategory) values (187, 5, true);
insert into eventCategory (eventId, categoryId, isRelatedCategory) values (209, 13, true);
insert into eventCategory (eventId, categoryId, isRelatedCategory) values (18, 15, true);
insert into eventCategory (eventId, categoryId, isRelatedCategory) values (193, 13, false);
insert into eventCategory (eventId, categoryId, isRelatedCategory) values (109, 8, true);
insert into eventCategory (eventId, categoryId, isRelatedCategory) values (222, 14, true);
insert into eventCategory (eventId, categoryId, isRelatedCategory) values (230, 8, true);
insert into eventCategory (eventId, categoryId, isRelatedCategory) values (134, 1, false);
insert into eventCategory (eventId, categoryId, isRelatedCategory) values (175, 15, false);
insert into eventCategory (eventId, categoryId, isRelatedCategory) values (117, 10, true);
insert into eventCategory (eventId, categoryId, isRelatedCategory) values (230, 3, false);
insert into eventCategory (eventId, categoryId, isRelatedCategory) values (38, 13, false);
insert into eventCategory (eventId, categoryId, isRelatedCategory) values (96, 8, true);
insert into eventCategory (eventId, categoryId, isRelatedCategory) values (135, 9, true);
insert into eventCategory (eventId, categoryId, isRelatedCategory) values (120, 5, false);
insert into eventCategory (eventId, categoryId, isRelatedCategory) values (193, 14, true);
insert into eventCategory (eventId, categoryId, isRelatedCategory) values (80, 10, true);
insert into eventCategory (eventId, categoryId, isRelatedCategory) values (139, 9, false);
insert into eventCategory (eventId, categoryId, isRelatedCategory) values (175, 4, true);
insert into eventCategory (eventId, categoryId, isRelatedCategory) values (147, 3, false);
insert into eventCategory (eventId, categoryId, isRelatedCategory) values (204, 13, false);
insert into eventCategory (eventId, categoryId, isRelatedCategory) values (145, 2, false);
insert into eventCategory (eventId, categoryId, isRelatedCategory) values (85, 4, false);
insert into eventCategory (eventId, categoryId, isRelatedCategory) values (30, 11, false);
insert into eventCategory (eventId, categoryId, isRelatedCategory) values (159, 6, true);
insert into eventCategory (eventId, categoryId, isRelatedCategory) values (36, 10, false);
insert into eventCategory (eventId, categoryId, isRelatedCategory) values (108, 14, true);
insert into eventCategory (eventId, categoryId, isRelatedCategory) values (169, 1, false);
insert into eventCategory (eventId, categoryId, isRelatedCategory) values (248, 7, false);
insert into eventCategory (eventId, categoryId, isRelatedCategory) values (214, 4, false);
insert into eventCategory (eventId, categoryId, isRelatedCategory) values (167, 11, true);
insert into eventCategory (eventId, categoryId, isRelatedCategory) values (227, 3, false);
insert into eventCategory (eventId, categoryId, isRelatedCategory) values (167, 6, true);
insert into eventCategory (eventId, categoryId, isRelatedCategory) values (50, 12, true);
insert into eventCategory (eventId, categoryId, isRelatedCategory) values (190, 4, true);
insert into eventCategory (eventId, categoryId, isRelatedCategory) values (179, 9, true);
insert into eventCategory (eventId, categoryId, isRelatedCategory) values (203, 14, false);
insert into eventCategory (eventId, categoryId, isRelatedCategory) values (79, 12, false);
insert into eventCategory (eventId, categoryId, isRelatedCategory) values (163, 12, false);
insert into eventCategory (eventId, categoryId, isRelatedCategory) values (181, 4, false);
insert into eventCategory (eventId, categoryId, isRelatedCategory) values (2, 10, true);
insert into eventCategory (eventId, categoryId, isRelatedCategory) values (92, 9, true);
insert into eventCategory (eventId, categoryId, isRelatedCategory) values (156, 11, false);
insert into eventCategory (eventId, categoryId, isRelatedCategory) values (5, 14, true);
insert into eventCategory (eventId, categoryId, isRelatedCategory) values (65, 5, true);
insert into eventCategory (eventId, categoryId, isRelatedCategory) values (43, 10, false);
insert into eventCategory (eventId, categoryId, isRelatedCategory) values (133, 14, true);
insert into eventCategory (eventId, categoryId, isRelatedCategory) values (103, 15, false);
insert into eventCategory (eventId, categoryId, isRelatedCategory) values (195, 6, false);
insert into eventCategory (eventId, categoryId, isRelatedCategory) values (224, 13, false);
insert into eventCategory (eventId, categoryId, isRelatedCategory) values (56, 3, true);
insert into eventCategory (eventId, categoryId, isRelatedCategory) values (230, 13, true);
insert into eventCategory (eventId, categoryId, isRelatedCategory) values (125, 4, false);
insert into eventCategory (eventId, categoryId, isRelatedCategory) values (229, 3, true);
insert into eventCategory (eventId, categoryId, isRelatedCategory) values (23, 6, false);
insert into eventCategory (eventId, categoryId, isRelatedCategory) values (67, 13, false);
insert into eventCategory (eventId, categoryId, isRelatedCategory) values (138, 11, true);
insert into eventCategory (eventId, categoryId, isRelatedCategory) values (40, 1, true);
insert into eventCategory (eventId, categoryId, isRelatedCategory) values (77, 4, false);
insert into eventCategory (eventId, categoryId, isRelatedCategory) values (137, 12, true);
insert into eventCategory (eventId, categoryId, isRelatedCategory) values (43, 4, true);
insert into eventCategory (eventId, categoryId, isRelatedCategory) values (78, 3, true);
insert into eventCategory (eventId, categoryId, isRelatedCategory) values (46, 15, false);
insert into eventCategory (eventId, categoryId, isRelatedCategory) values (105, 7, false);
insert into eventCategory (eventId, categoryId, isRelatedCategory) values (243, 2, false);
insert into eventCategory (eventId, categoryId, isRelatedCategory) values (152, 15, true);
insert into eventCategory (eventId, categoryId, isRelatedCategory) values (124, 3, true);
insert into eventCategory (eventId, categoryId, isRelatedCategory) values (2, 13, true);
insert into eventCategory (eventId, categoryId, isRelatedCategory) values (192, 4, true);
insert into eventCategory (eventId, categoryId, isRelatedCategory) values (233, 6, true);
insert into eventCategory (eventId, categoryId, isRelatedCategory) values (132, 2, false);
insert into eventCategory (eventId, categoryId, isRelatedCategory) values (15, 13, false);
insert into eventCategory (eventId, categoryId, isRelatedCategory) values (242, 7, false);
insert into eventCategory (eventId, categoryId, isRelatedCategory) values (33, 9, true);
insert into eventCategory (eventId, categoryId, isRelatedCategory) values (225, 14, false);
insert into eventCategory (eventId, categoryId, isRelatedCategory) values (3, 14, true);
insert into eventCategory (eventId, categoryId, isRelatedCategory) values (23, 2, false);
insert into eventCategory (eventId, categoryId, isRelatedCategory) values (248, 15, true);
insert into eventCategory (eventId, categoryId, isRelatedCategory) values (140, 4, true);
insert into eventCategory (eventId, categoryId, isRelatedCategory) values (107, 10, true);
insert into eventCategory (eventId, categoryId, isRelatedCategory) values (170, 13, true);
insert into eventCategory (eventId, categoryId, isRelatedCategory) values (43, 1, false);
insert into eventCategory (eventId, categoryId, isRelatedCategory) values (11, 12, true);
insert into eventCategory (eventId, categoryId, isRelatedCategory) values (250, 12, false);
insert into eventCategory (eventId, categoryId, isRelatedCategory) values (176, 4, true);
insert into eventCategory (eventId, categoryId, isRelatedCategory) values (176, 2, false);
insert into eventCategory (eventId, categoryId, isRelatedCategory) values (191, 6, false);
insert into eventCategory (eventId, categoryId, isRelatedCategory) values (216, 11, true);
insert into eventCategory (eventId, categoryId, isRelatedCategory) values (225, 6, true);
insert into eventCategory (eventId, categoryId, isRelatedCategory) values (89, 10, false);
insert into eventCategory (eventId, categoryId, isRelatedCategory) values (242, 15, false);
insert into eventCategory (eventId, categoryId, isRelatedCategory) values (223, 8, true);
insert into eventCategory (eventId, categoryId, isRelatedCategory) values (164, 5, false);
insert into eventCategory (eventId, categoryId, isRelatedCategory) values (3, 14, true);
insert into eventCategory (eventId, categoryId, isRelatedCategory) values (33, 9, true);
insert into eventCategory (eventId, categoryId, isRelatedCategory) values (66, 1, false);
insert into eventCategory (eventId, categoryId, isRelatedCategory) values (104, 7, true);
insert into eventCategory (eventId, categoryId, isRelatedCategory) values (103, 12, true);
insert into eventCategory (eventId, categoryId, isRelatedCategory) values (83, 11, false);
insert into eventCategory (eventId, categoryId, isRelatedCategory) values (73, 5, true);
insert into eventCategory (eventId, categoryId, isRelatedCategory) values (102, 6, false);
insert into eventCategory (eventId, categoryId, isRelatedCategory) values (199, 9, true);
insert into eventCategory (eventId, categoryId, isRelatedCategory) values (23, 15, false);
insert into eventCategory (eventId, categoryId, isRelatedCategory) values (36, 12, false);
insert into eventCategory (eventId, categoryId, isRelatedCategory) values (48, 1, true);
insert into eventCategory (eventId, categoryId, isRelatedCategory) values (130, 1, true);
insert into eventCategory (eventId, categoryId, isRelatedCategory) values (121, 2, false);
insert into eventCategory (eventId, categoryId, isRelatedCategory) values (77, 3, false);
insert into eventCategory (eventId, categoryId, isRelatedCategory) values (166, 10, false);
insert into eventCategory (eventId, categoryId, isRelatedCategory) values (70, 3, false);
insert into eventCategory (eventId, categoryId, isRelatedCategory) values (80, 8, false);
insert into eventCategory (eventId, categoryId, isRelatedCategory) values (52, 11, true);
insert into eventCategory (eventId, categoryId, isRelatedCategory) values (172, 5, false);
insert into eventCategory (eventId, categoryId, isRelatedCategory) values (137, 15, false);
insert into eventCategory (eventId, categoryId, isRelatedCategory) values (128, 8, true);
insert into eventCategory (eventId, categoryId, isRelatedCategory) values (210, 7, true);
insert into eventCategory (eventId, categoryId, isRelatedCategory) values (215, 7, true);
insert into eventCategory (eventId, categoryId, isRelatedCategory) values (28, 10, false);
insert into eventCategory (eventId, categoryId, isRelatedCategory) values (199, 10, true);
insert into eventCategory (eventId, categoryId, isRelatedCategory) values (67, 8, true);
insert into eventCategory (eventId, categoryId, isRelatedCategory) values (63, 1, false);
insert into eventCategory (eventId, categoryId, isRelatedCategory) values (224, 11, true);
insert into eventCategory (eventId, categoryId, isRelatedCategory) values (212, 9, false);
insert into eventCategory (eventId, categoryId, isRelatedCategory) values (158, 11, true);
insert into eventCategory (eventId, categoryId, isRelatedCategory) values (117, 13, false);
insert into eventCategory (eventId, categoryId, isRelatedCategory) values (90, 15, true);
insert into eventCategory (eventId, categoryId, isRelatedCategory) values (23, 11, false);
insert into eventCategory (eventId, categoryId, isRelatedCategory) values (91, 13, true);
insert into eventCategory (eventId, categoryId, isRelatedCategory) values (199, 2, true);
insert into eventCategory (eventId, categoryId, isRelatedCategory) values (27, 6, false);
insert into eventCategory (eventId, categoryId, isRelatedCategory) values (104, 1, false);
insert into eventCategory (eventId, categoryId, isRelatedCategory) values (100, 10, false);
insert into eventCategory (eventId, categoryId, isRelatedCategory) values (146, 7, false);
insert into eventCategory (eventId, categoryId, isRelatedCategory) values (42, 4, true);
insert into eventCategory (eventId, categoryId, isRelatedCategory) values (69, 7, true);
insert into eventCategory (eventId, categoryId, isRelatedCategory) values (2, 5, true);
insert into eventCategory (eventId, categoryId, isRelatedCategory) values (140, 9, false);
insert into eventCategory (eventId, categoryId, isRelatedCategory) values (104, 4, true);
insert into eventCategory (eventId, categoryId, isRelatedCategory) values (12, 6, false);
insert into eventCategory (eventId, categoryId, isRelatedCategory) values (1, 10, false);
insert into eventCategory (eventId, categoryId, isRelatedCategory) values (1, 1, true);
insert into eventCategory (eventId, categoryId, isRelatedCategory) values (219, 2, false);
insert into eventCategory (eventId, categoryId, isRelatedCategory) values (2, 3, true);
insert into eventCategory (eventId, categoryId, isRelatedCategory) values (41, 10, true);
insert into eventCategory (eventId, categoryId, isRelatedCategory) values (48, 13, true);
insert into eventCategory (eventId, categoryId, isRelatedCategory) values (210, 8, true);
insert into eventCategory (eventId, categoryId, isRelatedCategory) values (6, 12, true);
insert into eventCategory (eventId, categoryId, isRelatedCategory) values (16, 5, false);
insert into eventCategory (eventId, categoryId, isRelatedCategory) values (207, 9, true);
insert into eventCategory (eventId, categoryId, isRelatedCategory) values (75, 13, true);
insert into eventCategory (eventId, categoryId, isRelatedCategory) values (101, 15, true);
insert into eventCategory (eventId, categoryId, isRelatedCategory) values (68, 8, true);
insert into eventCategory (eventId, categoryId, isRelatedCategory) values (100, 7, true);
insert into eventCategory (eventId, categoryId, isRelatedCategory) values (43, 2, true);
insert into eventCategory (eventId, categoryId, isRelatedCategory) values (220, 1, false);
insert into eventCategory (eventId, categoryId, isRelatedCategory) values (29, 15, false);
insert into eventCategory (eventId, categoryId, isRelatedCategory) values (182, 10, true);
insert into eventCategory (eventId, categoryId, isRelatedCategory) values (128, 8, false);
insert into eventCategory (eventId, categoryId, isRelatedCategory) values (122, 4, false);
insert into eventCategory (eventId, categoryId, isRelatedCategory) values (41, 4, true);
insert into eventCategory (eventId, categoryId, isRelatedCategory) values (186, 9, true);
insert into eventCategory (eventId, categoryId, isRelatedCategory) values (111, 9, true);
insert into eventCategory (eventId, categoryId, isRelatedCategory) values (132, 12, false);
insert into eventCategory (eventId, categoryId, isRelatedCategory) values (210, 4, true);
insert into eventCategory (eventId, categoryId, isRelatedCategory) values (139, 7, false);
insert into eventCategory (eventId, categoryId, isRelatedCategory) values (46, 6, true);
insert into eventCategory (eventId, categoryId, isRelatedCategory) values (183, 2, false);
insert into eventCategory (eventId, categoryId, isRelatedCategory) values (35, 15, false);
insert into eventCategory (eventId, categoryId, isRelatedCategory) values (86, 11, true);
insert into eventCategory (eventId, categoryId, isRelatedCategory) values (132, 15, false);
insert into eventCategory (eventId, categoryId, isRelatedCategory) values (212, 15, false);
insert into eventCategory (eventId, categoryId, isRelatedCategory) values (61, 13, true);
insert into eventCategory (eventId, categoryId, isRelatedCategory) values (234, 5, false);
insert into eventCategory (eventId, categoryId, isRelatedCategory) values (131, 5, true);
insert into eventCategory (eventId, categoryId, isRelatedCategory) values (47, 5, false);
insert into eventCategory (eventId, categoryId, isRelatedCategory) values (228, 2, false);
insert into eventCategory (eventId, categoryId, isRelatedCategory) values (226, 11, false);
insert into eventCategory (eventId, categoryId, isRelatedCategory) values (14, 14, false);
insert into eventCategory (eventId, categoryId, isRelatedCategory) values (188, 11, false);
insert into eventCategory (eventId, categoryId, isRelatedCategory) values (128, 5, false);
insert into eventCategory (eventId, categoryId, isRelatedCategory) values (146, 13, true);
insert into eventCategory (eventId, categoryId, isRelatedCategory) values (181, 12, true);
insert into eventCategory (eventId, categoryId, isRelatedCategory) values (232, 14, true);
insert into eventCategory (eventId, categoryId, isRelatedCategory) values (64, 9, false);
insert into eventCategory (eventId, categoryId, isRelatedCategory) values (150, 14, true);
insert into eventCategory (eventId, categoryId, isRelatedCategory) values (133, 5, true);
insert into eventCategory (eventId, categoryId, isRelatedCategory) values (122, 13, true);
insert into eventCategory (eventId, categoryId, isRelatedCategory) values (58, 3, false);
insert into eventCategory (eventId, categoryId, isRelatedCategory) values (6, 1, true);
insert into eventCategory (eventId, categoryId, isRelatedCategory) values (79, 13, false);
insert into eventCategory (eventId, categoryId, isRelatedCategory) values (177, 5, true);
insert into eventCategory (eventId, categoryId, isRelatedCategory) values (147, 12, false);
insert into eventCategory (eventId, categoryId, isRelatedCategory) values (170, 2, false);
insert into eventCategory (eventId, categoryId, isRelatedCategory) values (7, 4, false);
insert into eventCategory (eventId, categoryId, isRelatedCategory) values (110, 12, true);
insert into eventCategory (eventId, categoryId, isRelatedCategory) values (95, 5, true);
insert into eventCategory (eventId, categoryId, isRelatedCategory) values (69, 10, false);
insert into eventCategory (eventId, categoryId, isRelatedCategory) values (102, 9, true);
insert into eventCategory (eventId, categoryId, isRelatedCategory) values (17, 2, true);
insert into eventCategory (eventId, categoryId, isRelatedCategory) values (236, 8, false);
insert into eventCategory (eventId, categoryId, isRelatedCategory) values (167, 13, false);
insert into eventCategory (eventId, categoryId, isRelatedCategory) values (40, 7, true);
insert into eventCategory (eventId, categoryId, isRelatedCategory) values (129, 3, false);
insert into eventCategory (eventId, categoryId, isRelatedCategory) values (7, 1, true);
insert into eventCategory (eventId, categoryId, isRelatedCategory) values (140, 8, true);
insert into eventCategory (eventId, categoryId, isRelatedCategory) values (48, 14, false);
insert into eventCategory (eventId, categoryId, isRelatedCategory) values (176, 6, false);
insert into eventCategory (eventId, categoryId, isRelatedCategory) values (119, 7, false);
insert into eventCategory (eventId, categoryId, isRelatedCategory) values (89, 2, true);
insert into eventCategory (eventId, categoryId, isRelatedCategory) values (213, 12, true);
insert into eventCategory (eventId, categoryId, isRelatedCategory) values (12, 15, true);
insert into eventCategory (eventId, categoryId, isRelatedCategory) values (12, 10, true);
insert into eventCategory (eventId, categoryId, isRelatedCategory) values (133, 14, false);
insert into eventCategory (eventId, categoryId, isRelatedCategory) values (35, 5, false);
insert into eventCategory (eventId, categoryId, isRelatedCategory) values (103, 14, false);
insert into eventCategory (eventId, categoryId, isRelatedCategory) values (187, 14, true);
insert into eventCategory (eventId, categoryId, isRelatedCategory) values (35, 6, true);
insert into eventCategory (eventId, categoryId, isRelatedCategory) values (97, 11, false);
insert into eventCategory (eventId, categoryId, isRelatedCategory) values (111, 12, false);
insert into eventCategory (eventId, categoryId, isRelatedCategory) values (182, 2, false);
insert into eventCategory (eventId, categoryId, isRelatedCategory) values (206, 15, true);
insert into eventCategory (eventId, categoryId, isRelatedCategory) values (205, 9, false);
insert into eventCategory (eventId, categoryId, isRelatedCategory) values (143, 7, true);
insert into eventCategory (eventId, categoryId, isRelatedCategory) values (113, 14, true);
insert into eventCategory (eventId, categoryId, isRelatedCategory) values (219, 1, true);
insert into eventCategory (eventId, categoryId, isRelatedCategory) values (102, 5, false);
insert into eventCategory (eventId, categoryId, isRelatedCategory) values (7, 8, true);
insert into eventCategory (eventId, categoryId, isRelatedCategory) values (72, 10, true);
insert into eventCategory (eventId, categoryId, isRelatedCategory) values (150, 12, false);
insert into eventCategory (eventId, categoryId, isRelatedCategory) values (203, 6, false);
insert into eventCategory (eventId, categoryId, isRelatedCategory) values (36, 4, true);
insert into eventCategory (eventId, categoryId, isRelatedCategory) values (68, 9, true);
insert into eventCategory (eventId, categoryId, isRelatedCategory) values (83, 6, true);
insert into eventCategory (eventId, categoryId, isRelatedCategory) values (173, 12, false);
insert into eventCategory (eventId, categoryId, isRelatedCategory) values (199, 11, false);
insert into eventCategory (eventId, categoryId, isRelatedCategory) values (41, 3, false);
insert into eventCategory (eventId, categoryId, isRelatedCategory) values (203, 5, true);
insert into eventCategory (eventId, categoryId, isRelatedCategory) values (185, 10, false);
insert into eventCategory (eventId, categoryId, isRelatedCategory) values (48, 12, false);
insert into eventCategory (eventId, categoryId, isRelatedCategory) values (31, 9, true);
insert into eventCategory (eventId, categoryId, isRelatedCategory) values (89, 11, true);
insert into eventCategory (eventId, categoryId, isRelatedCategory) values (208, 2, true);
insert into eventCategory (eventId, categoryId, isRelatedCategory) values (218, 6, true);
insert into eventCategory (eventId, categoryId, isRelatedCategory) values (186, 6, false);
insert into eventCategory (eventId, categoryId, isRelatedCategory) values (41, 6, false);
insert into eventCategory (eventId, categoryId, isRelatedCategory) values (146, 10, false);
insert into eventCategory (eventId, categoryId, isRelatedCategory) values (222, 3, true);
insert into eventCategory (eventId, categoryId, isRelatedCategory) values (89, 3, true);
insert into eventCategory (eventId, categoryId, isRelatedCategory) values (19, 6, true);
insert into eventCategory (eventId, categoryId, isRelatedCategory) values (229, 12, false);
insert into eventCategory (eventId, categoryId, isRelatedCategory) values (165, 13, false);
insert into eventCategory (eventId, categoryId, isRelatedCategory) values (183, 7, false);
insert into eventCategory (eventId, categoryId, isRelatedCategory) values (103, 8, false);
insert into eventCategory (eventId, categoryId, isRelatedCategory) values (154, 10, false);
insert into eventCategory (eventId, categoryId, isRelatedCategory) values (248, 3, true);
insert into eventCategory (eventId, categoryId, isRelatedCategory) values (177, 5, true);
insert into eventCategory (eventId, categoryId, isRelatedCategory) values (108, 2, true);
insert into eventCategory (eventId, categoryId, isRelatedCategory) values (235, 3, false);
insert into eventCategory (eventId, categoryId, isRelatedCategory) values (14, 3, false);
insert into eventCategory (eventId, categoryId, isRelatedCategory) values (200, 11, false);
insert into eventCategory (eventId, categoryId, isRelatedCategory) values (35, 12, true);
insert into eventCategory (eventId, categoryId, isRelatedCategory) values (106, 13, false);
insert into eventCategory (eventId, categoryId, isRelatedCategory) values (33, 7, false);
insert into eventCategory (eventId, categoryId, isRelatedCategory) values (72, 5, true);
insert into eventCategory (eventId, categoryId, isRelatedCategory) values (66, 15, true);
insert into eventCategory (eventId, categoryId, isRelatedCategory) values (160, 6, false);
insert into eventCategory (eventId, categoryId, isRelatedCategory) values (97, 12, true);
insert into eventCategory (eventId, categoryId, isRelatedCategory) values (229, 8, true);
insert into eventCategory (eventId, categoryId, isRelatedCategory) values (48, 10, false);
insert into eventCategory (eventId, categoryId, isRelatedCategory) values (58, 2, false);
insert into eventCategory (eventId, categoryId, isRelatedCategory) values (225, 7, true);
insert into eventCategory (eventId, categoryId, isRelatedCategory) values (217, 8, false);
insert into eventCategory (eventId, categoryId, isRelatedCategory) values (159, 8, false);
insert into eventCategory (eventId, categoryId, isRelatedCategory) values (46, 15, true);
insert into eventCategory (eventId, categoryId, isRelatedCategory) values (19, 12, true);
insert into eventCategory (eventId, categoryId, isRelatedCategory) values (11, 8, false);
insert into eventCategory (eventId, categoryId, isRelatedCategory) values (224, 15, true);
insert into eventCategory (eventId, categoryId, isRelatedCategory) values (10, 10, false);
insert into eventCategory (eventId, categoryId, isRelatedCategory) values (77, 7, true);
insert into eventCategory (eventId, categoryId, isRelatedCategory) values (222, 15, false);
insert into eventCategory (eventId, categoryId, isRelatedCategory) values (205, 7, false);
insert into eventCategory (eventId, categoryId, isRelatedCategory) values (72, 13, true);
insert into eventCategory (eventId, categoryId, isRelatedCategory) values (122, 5, false);
insert into eventCategory (eventId, categoryId, isRelatedCategory) values (155, 11, true);
insert into eventCategory (eventId, categoryId, isRelatedCategory) values (227, 12, false);
insert into eventCategory (eventId, categoryId, isRelatedCategory) values (125, 3, false);
insert into eventCategory (eventId, categoryId, isRelatedCategory) values (197, 5, true);
insert into eventCategory (eventId, categoryId, isRelatedCategory) values (107, 11, false);
insert into eventCategory (eventId, categoryId, isRelatedCategory) values (147, 5, true);
insert into eventCategory (eventId, categoryId, isRelatedCategory) values (186, 13, true);
insert into eventCategory (eventId, categoryId, isRelatedCategory) values (178, 12, false);
insert into eventCategory (eventId, categoryId, isRelatedCategory) values (77, 11, false);
insert into eventCategory (eventId, categoryId, isRelatedCategory) values (130, 8, false);
insert into eventCategory (eventId, categoryId, isRelatedCategory) values (97, 10, false);
insert into eventCategory (eventId, categoryId, isRelatedCategory) values (226, 6, true);
insert into eventCategory (eventId, categoryId, isRelatedCategory) values (250, 9, true);
insert into eventCategory (eventId, categoryId, isRelatedCategory) values (24, 6, true);
insert into eventCategory (eventId, categoryId, isRelatedCategory) values (150, 8, true);
insert into eventCategory (eventId, categoryId, isRelatedCategory) values (89, 2, false);
insert into eventCategory (eventId, categoryId, isRelatedCategory) values (46, 10, false);
insert into eventCategory (eventId, categoryId, isRelatedCategory) values (146, 13, true);
insert into eventCategory (eventId, categoryId, isRelatedCategory) values (53, 15, false);
insert into eventCategory (eventId, categoryId, isRelatedCategory) values (29, 6, true);
insert into eventCategory (eventId, categoryId, isRelatedCategory) values (116, 6, false);
insert into eventCategory (eventId, categoryId, isRelatedCategory) values (51, 11, false);
insert into eventCategory (eventId, categoryId, isRelatedCategory) values (160, 11, true);
insert into eventCategory (eventId, categoryId, isRelatedCategory) values (36, 13, false);
insert into eventCategory (eventId, categoryId, isRelatedCategory) values (57, 6, true);
insert into eventCategory (eventId, categoryId, isRelatedCategory) values (75, 9, true);
insert into eventCategory (eventId, categoryId, isRelatedCategory) values (105, 14, true);
insert into eventCategory (eventId, categoryId, isRelatedCategory) values (193, 3, true);
insert into eventCategory (eventId, categoryId, isRelatedCategory) values (120, 12, false);
insert into eventCategory (eventId, categoryId, isRelatedCategory) values (125, 10, false);
insert into eventCategory (eventId, categoryId, isRelatedCategory) values (234, 8, false);
insert into eventCategory (eventId, categoryId, isRelatedCategory) values (151, 10, true);
insert into eventCategory (eventId, categoryId, isRelatedCategory) values (87, 10, true);
insert into eventCategory (eventId, categoryId, isRelatedCategory) values (112, 6, true);
insert into eventCategory (eventId, categoryId, isRelatedCategory) values (33, 9, false);
insert into eventCategory (eventId, categoryId, isRelatedCategory) values (105, 11, false);
insert into eventCategory (eventId, categoryId, isRelatedCategory) values (181, 3, true);
insert into eventCategory (eventId, categoryId, isRelatedCategory) values (75, 2, true);
insert into eventCategory (eventId, categoryId, isRelatedCategory) values (145, 15, true);
insert into eventCategory (eventId, categoryId, isRelatedCategory) values (35, 11, false);
insert into eventCategory (eventId, categoryId, isRelatedCategory) values (76, 9, false);
insert into eventCategory (eventId, categoryId, isRelatedCategory) values (167, 2, false);
insert into eventCategory (eventId, categoryId, isRelatedCategory) values (234, 14, false);
insert into eventCategory (eventId, categoryId, isRelatedCategory) values (50, 13, false);
insert into eventCategory (eventId, categoryId, isRelatedCategory) values (208, 11, true);
insert into eventCategory (eventId, categoryId, isRelatedCategory) values (22, 2, true);
insert into eventCategory (eventId, categoryId, isRelatedCategory) values (108, 7, true);
insert into eventCategory (eventId, categoryId, isRelatedCategory) values (140, 14, false);
insert into eventCategory (eventId, categoryId, isRelatedCategory) values (197, 12, false);
insert into eventCategory (eventId, categoryId, isRelatedCategory) values (113, 9, false);
insert into eventCategory (eventId, categoryId, isRelatedCategory) values (186, 12, true);
insert into eventCategory (eventId, categoryId, isRelatedCategory) values (127, 7, true);
insert into eventCategory (eventId, categoryId, isRelatedCategory) values (165, 10, true);
insert into eventCategory (eventId, categoryId, isRelatedCategory) values (63, 3, true);
insert into eventCategory (eventId, categoryId, isRelatedCategory) values (214, 1, false);
insert into eventCategory (eventId, categoryId, isRelatedCategory) values (59, 10, false);
insert into eventCategory (eventId, categoryId, isRelatedCategory) values (97, 13, false);
insert into eventCategory (eventId, categoryId, isRelatedCategory) values (7, 6, true);
insert into eventCategory (eventId, categoryId, isRelatedCategory) values (205, 8, true);
insert into eventCategory (eventId, categoryId, isRelatedCategory) values (13, 5, true);
insert into eventCategory (eventId, categoryId, isRelatedCategory) values (63, 1, false);
insert into eventCategory (eventId, categoryId, isRelatedCategory) values (97, 3, false);
insert into eventCategory (eventId, categoryId, isRelatedCategory) values (171, 2, true);
insert into eventCategory (eventId, categoryId, isRelatedCategory) values (58, 7, true);
insert into eventCategory (eventId, categoryId, isRelatedCategory) values (162, 8, true);
insert into eventCategory (eventId, categoryId, isRelatedCategory) values (102, 12, false);
insert into eventCategory (eventId, categoryId, isRelatedCategory) values (105, 10, false);
insert into eventCategory (eventId, categoryId, isRelatedCategory) values (16, 13, true);
insert into eventCategory (eventId, categoryId, isRelatedCategory) values (105, 3, true);
insert into eventCategory (eventId, categoryId, isRelatedCategory) values (106, 5, false);
insert into eventCategory (eventId, categoryId, isRelatedCategory) values (68, 2, false);
insert into eventCategory (eventId, categoryId, isRelatedCategory) values (136, 9, false);
insert into eventCategory (eventId, categoryId, isRelatedCategory) values (49, 13, false);
insert into eventCategory (eventId, categoryId, isRelatedCategory) values (15, 2, false);
insert into eventCategory (eventId, categoryId, isRelatedCategory) values (240, 9, false);
insert into eventCategory (eventId, categoryId, isRelatedCategory) values (181, 13, true);
insert into eventCategory (eventId, categoryId, isRelatedCategory) values (144, 8, false);
insert into eventCategory (eventId, categoryId, isRelatedCategory) values (201, 3, false);
insert into eventCategory (eventId, categoryId, isRelatedCategory) values (195, 5, true);
insert into eventCategory (eventId, categoryId, isRelatedCategory) values (66, 13, false);
insert into eventCategory (eventId, categoryId, isRelatedCategory) values (91, 11, false);
insert into eventCategory (eventId, categoryId, isRelatedCategory) values (225, 1, false);
insert into eventCategory (eventId, categoryId, isRelatedCategory) values (86, 15, false);
insert into eventCategory (eventId, categoryId, isRelatedCategory) values (211, 13, false);
insert into eventCategory (eventId, categoryId, isRelatedCategory) values (26, 5, true);
insert into eventCategory (eventId, categoryId, isRelatedCategory) values (104, 11, true);
insert into eventCategory (eventId, categoryId, isRelatedCategory) values (58, 6, false);
insert into eventCategory (eventId, categoryId, isRelatedCategory) values (37, 3, true);
insert into eventCategory (eventId, categoryId, isRelatedCategory) values (157, 3, true);
insert into eventCategory (eventId, categoryId, isRelatedCategory) values (103, 9, false);
insert into eventCategory (eventId, categoryId, isRelatedCategory) values (169, 11, true);
insert into eventCategory (eventId, categoryId, isRelatedCategory) values (25, 15, true);
insert into eventCategory (eventId, categoryId, isRelatedCategory) values (87, 11, false);
insert into eventCategory (eventId, categoryId, isRelatedCategory) values (62, 7, true);
insert into eventCategory (eventId, categoryId, isRelatedCategory) values (194, 3, true);
insert into eventCategory (eventId, categoryId, isRelatedCategory) values (41, 1, true);
insert into eventCategory (eventId, categoryId, isRelatedCategory) values (244, 14, true);
insert into eventCategory (eventId, categoryId, isRelatedCategory) values (106, 5, true);
insert into eventCategory (eventId, categoryId, isRelatedCategory) values (189, 10, false);
insert into eventCategory (eventId, categoryId, isRelatedCategory) values (104, 14, true);
insert into eventCategory (eventId, categoryId, isRelatedCategory) values (60, 13, false);
insert into eventCategory (eventId, categoryId, isRelatedCategory) values (100, 1, true);
insert into eventCategory (eventId, categoryId, isRelatedCategory) values (35, 11, false);
insert into eventCategory (eventId, categoryId, isRelatedCategory) values (137, 8, true);
insert into eventCategory (eventId, categoryId, isRelatedCategory) values (56, 6, false);
insert into eventCategory (eventId, categoryId, isRelatedCategory) values (72, 11, false);
insert into eventCategory (eventId, categoryId, isRelatedCategory) values (28, 6, true);
insert into eventCategory (eventId, categoryId, isRelatedCategory) values (8, 3, false);
insert into eventCategory (eventId, categoryId, isRelatedCategory) values (205, 7, true);
insert into eventCategory (eventId, categoryId, isRelatedCategory) values (11, 5, true);
insert into eventCategory (eventId, categoryId, isRelatedCategory) values (10, 9, true);
insert into eventCategory (eventId, categoryId, isRelatedCategory) values (69, 1, false);
insert into eventCategory (eventId, categoryId, isRelatedCategory) values (182, 6, false);
insert into eventCategory (eventId, categoryId, isRelatedCategory) values (60, 13, true);
insert into eventCategory (eventId, categoryId, isRelatedCategory) values (18, 12, true);
insert into eventCategory (eventId, categoryId, isRelatedCategory) values (211, 10, true);
insert into eventCategory (eventId, categoryId, isRelatedCategory) values (154, 6, true);
insert into eventCategory (eventId, categoryId, isRelatedCategory) values (128, 8, true);
insert into eventCategory (eventId, categoryId, isRelatedCategory) values (169, 5, false);
insert into eventCategory (eventId, categoryId, isRelatedCategory) values (122, 6, true);
insert into eventCategory (eventId, categoryId, isRelatedCategory) values (137, 11, true);
insert into eventCategory (eventId, categoryId, isRelatedCategory) values (116, 13, true);
insert into eventCategory (eventId, categoryId, isRelatedCategory) values (168, 12, true);
insert into eventCategory (eventId, categoryId, isRelatedCategory) values (208, 10, true);
insert into eventCategory (eventId, categoryId, isRelatedCategory) values (55, 14, true);
insert into eventCategory (eventId, categoryId, isRelatedCategory) values (188, 11, false);
insert into eventCategory (eventId, categoryId, isRelatedCategory) values (170, 3, true);
insert into eventCategory (eventId, categoryId, isRelatedCategory) values (237, 7, false);
insert into eventCategory (eventId, categoryId, isRelatedCategory) values (64, 9, false);
insert into eventCategory (eventId, categoryId, isRelatedCategory) values (150, 13, false);
insert into eventCategory (eventId, categoryId, isRelatedCategory) values (212, 13, false);
insert into eventCategory (eventId, categoryId, isRelatedCategory) values (177, 12, true);
insert into eventCategory (eventId, categoryId, isRelatedCategory) values (171, 12, true);
insert into eventCategory (eventId, categoryId, isRelatedCategory) values (34, 11, false);
insert into eventCategory (eventId, categoryId, isRelatedCategory) values (228, 4, true);
insert into eventCategory (eventId, categoryId, isRelatedCategory) values (2, 8, true);
insert into eventCategory (eventId, categoryId, isRelatedCategory) values (141, 12, true);
insert into eventCategory (eventId, categoryId, isRelatedCategory) values (76, 7, true);
insert into eventCategory (eventId, categoryId, isRelatedCategory) values (62, 7, true);
insert into eventCategory (eventId, categoryId, isRelatedCategory) values (157, 7, false);
insert into eventCategory (eventId, categoryId, isRelatedCategory) values (179, 6, true);
insert into eventCategory (eventId, categoryId, isRelatedCategory) values (85, 6, false);
insert into eventCategory (eventId, categoryId, isRelatedCategory) values (50, 5, true);
insert into eventCategory (eventId, categoryId, isRelatedCategory) values (134, 14, false);
insert into eventCategory (eventId, categoryId, isRelatedCategory) values (95, 2, true);
insert into eventCategory (eventId, categoryId, isRelatedCategory) values (148, 6, true);
insert into eventCategory (eventId, categoryId, isRelatedCategory) values (46, 13, true);
insert into eventCategory (eventId, categoryId, isRelatedCategory) values (63, 10, true);
insert into eventCategory (eventId, categoryId, isRelatedCategory) values (22, 7, false);
insert into eventCategory (eventId, categoryId, isRelatedCategory) values (167, 2, true);
insert into eventCategory (eventId, categoryId, isRelatedCategory) values (195, 11, false);
insert into eventCategory (eventId, categoryId, isRelatedCategory) values (90, 5, false);
insert into eventCategory (eventId, categoryId, isRelatedCategory) values (158, 5, false);
insert into eventCategory (eventId, categoryId, isRelatedCategory) values (103, 9, false);
insert into eventCategory (eventId, categoryId, isRelatedCategory) values (41, 3, false);
insert into eventCategory (eventId, categoryId, isRelatedCategory) values (55, 11, false);
insert into eventCategory (eventId, categoryId, isRelatedCategory) values (228, 4, false);
insert into eventCategory (eventId, categoryId, isRelatedCategory) values (131, 4, false);
insert into eventCategory (eventId, categoryId, isRelatedCategory) values (59, 11, true);
insert into eventCategory (eventId, categoryId, isRelatedCategory) values (59, 15, false);
insert into eventCategory (eventId, categoryId, isRelatedCategory) values (58, 6, true);
insert into eventCategory (eventId, categoryId, isRelatedCategory) values (173, 11, true);
insert into eventCategory (eventId, categoryId, isRelatedCategory) values (191, 14, true);
insert into eventCategory (eventId, categoryId, isRelatedCategory) values (97, 10, false);
insert into eventCategory (eventId, categoryId, isRelatedCategory) values (176, 9, false);
insert into eventCategory (eventId, categoryId, isRelatedCategory) values (166, 8, false);
insert into eventCategory (eventId, categoryId, isRelatedCategory) values (229, 14, false);
insert into eventCategory (eventId, categoryId, isRelatedCategory) values (170, 15, false);
insert into eventCategory (eventId, categoryId, isRelatedCategory) values (153, 14, false);
insert into eventCategory (eventId, categoryId, isRelatedCategory) values (50, 13, false);
insert into eventCategory (eventId, categoryId, isRelatedCategory) values (170, 11, true);
insert into eventCategory (eventId, categoryId, isRelatedCategory) values (208, 1, true);
insert into eventCategory (eventId, categoryId, isRelatedCategory) values (223, 5, false);
insert into eventCategory (eventId, categoryId, isRelatedCategory) values (57, 5, true);
insert into eventCategory (eventId, categoryId, isRelatedCategory) values (45, 6, false);
insert into eventCategory (eventId, categoryId, isRelatedCategory) values (162, 10, true);
insert into eventCategory (eventId, categoryId, isRelatedCategory) values (132, 10, false);
insert into eventCategory (eventId, categoryId, isRelatedCategory) values (36, 11, false);
insert into eventCategory (eventId, categoryId, isRelatedCategory) values (245, 7, false);
insert into eventCategory (eventId, categoryId, isRelatedCategory) values (90, 10, false);
insert into eventCategory (eventId, categoryId, isRelatedCategory) values (124, 13, false);
insert into eventCategory (eventId, categoryId, isRelatedCategory) values (221, 2, false);
insert into eventCategory (eventId, categoryId, isRelatedCategory) values (4, 12, false);
insert into eventCategory (eventId, categoryId, isRelatedCategory) values (244, 12, false);
insert into eventCategory (eventId, categoryId, isRelatedCategory) values (242, 12, true);
insert into eventCategory (eventId, categoryId, isRelatedCategory) values (242, 3, false);
insert into eventCategory (eventId, categoryId, isRelatedCategory) values (189, 5, true);
insert into eventCategory (eventId, categoryId, isRelatedCategory) values (245, 6, false);
insert into eventCategory (eventId, categoryId, isRelatedCategory) values (148, 4, false);
insert into eventCategory (eventId, categoryId, isRelatedCategory) values (206, 14, false);
insert into eventCategory (eventId, categoryId, isRelatedCategory) values (119, 3, true);
insert into eventCategory (eventId, categoryId, isRelatedCategory) values (227, 2, false);
insert into eventCategory (eventId, categoryId, isRelatedCategory) values (3, 11, false);
insert into eventCategory (eventId, categoryId, isRelatedCategory) values (8, 2, true);
insert into eventCategory (eventId, categoryId, isRelatedCategory) values (247, 15, false);
insert into eventCategory (eventId, categoryId, isRelatedCategory) values (221, 12, true);
insert into eventCategory (eventId, categoryId, isRelatedCategory) values (67, 12, true);
insert into eventCategory (eventId, categoryId, isRelatedCategory) values (175, 3, true);
insert into eventCategory (eventId, categoryId, isRelatedCategory) values (89, 12, true);
insert into eventCategory (eventId, categoryId, isRelatedCategory) values (88, 15, true);
insert into eventCategory (eventId, categoryId, isRelatedCategory) values (185, 11, true);
insert into eventCategory (eventId, categoryId, isRelatedCategory) values (47, 3, false);
insert into eventCategory (eventId, categoryId, isRelatedCategory) values (115, 7, false);
insert into eventCategory (eventId, categoryId, isRelatedCategory) values (201, 2, true);
insert into eventCategory (eventId, categoryId, isRelatedCategory) values (154, 9, false);
insert into eventCategory (eventId, categoryId, isRelatedCategory) values (237, 9, true);
insert into eventCategory (eventId, categoryId, isRelatedCategory) values (85, 14, false);
insert into eventCategory (eventId, categoryId, isRelatedCategory) values (14, 11, true);
insert into eventCategory (eventId, categoryId, isRelatedCategory) values (94, 7, false);
insert into eventCategory (eventId, categoryId, isRelatedCategory) values (38, 1, false);
insert into eventCategory (eventId, categoryId, isRelatedCategory) values (201, 13, true);
insert into eventCategory (eventId, categoryId, isRelatedCategory) values (116, 4, true);
insert into eventCategory (eventId, categoryId, isRelatedCategory) values (236, 15, true);
insert into eventCategory (eventId, categoryId, isRelatedCategory) values (107, 12, false);
insert into eventCategory (eventId, categoryId, isRelatedCategory) values (67, 2, true);
insert into eventCategory (eventId, categoryId, isRelatedCategory) values (14, 6, false);
insert into eventCategory (eventId, categoryId, isRelatedCategory) values (133, 10, false);
insert into eventCategory (eventId, categoryId, isRelatedCategory) values (73, 6, false);
insert into eventCategory (eventId, categoryId, isRelatedCategory) values (104, 15, true);
insert into eventCategory (eventId, categoryId, isRelatedCategory) values (155, 6, true);
insert into eventCategory (eventId, categoryId, isRelatedCategory) values (151, 14, false);
insert into eventCategory (eventId, categoryId, isRelatedCategory) values (231, 1, true);
insert into eventCategory (eventId, categoryId, isRelatedCategory) values (93, 2, false);
insert into eventCategory (eventId, categoryId, isRelatedCategory) values (171, 12, true);
insert into eventCategory (eventId, categoryId, isRelatedCategory) values (170, 2, true);
insert into eventCategory (eventId, categoryId, isRelatedCategory) values (230, 8, false);
insert into eventCategory (eventId, categoryId, isRelatedCategory) values (167, 2, true);
insert into eventCategory (eventId, categoryId, isRelatedCategory) values (141, 2, true);
insert into eventCategory (eventId, categoryId, isRelatedCategory) values (76, 12, false);
insert into eventCategory (eventId, categoryId, isRelatedCategory) values (188, 5, false);
insert into eventCategory (eventId, categoryId, isRelatedCategory) values (214, 9, false);
insert into eventCategory (eventId, categoryId, isRelatedCategory) values (171, 6, false);
insert into eventCategory (eventId, categoryId, isRelatedCategory) values (94, 10, false);
insert into eventCategory (eventId, categoryId, isRelatedCategory) values (114, 12, false);
insert into eventCategory (eventId, categoryId, isRelatedCategory) values (81, 5, true);
insert into eventCategory (eventId, categoryId, isRelatedCategory) values (201, 15, true);
insert into eventCategory (eventId, categoryId, isRelatedCategory) values (205, 11, false);
insert into eventCategory (eventId, categoryId, isRelatedCategory) values (41, 6, false);
insert into eventCategory (eventId, categoryId, isRelatedCategory) values (167, 7, true);
insert into eventCategory (eventId, categoryId, isRelatedCategory) values (214, 9, true);
insert into eventCategory (eventId, categoryId, isRelatedCategory) values (178, 9, true);
insert into eventCategory (eventId, categoryId, isRelatedCategory) values (167, 4, false);
insert into eventCategory (eventId, categoryId, isRelatedCategory) values (82, 5, false);
insert into eventCategory (eventId, categoryId, isRelatedCategory) values (111, 3, true);
insert into eventCategory (eventId, categoryId, isRelatedCategory) values (166, 14, true);
insert into eventCategory (eventId, categoryId, isRelatedCategory) values (164, 2, false);
insert into eventCategory (eventId, categoryId, isRelatedCategory) values (224, 6, false);
insert into eventCategory (eventId, categoryId, isRelatedCategory) values (234, 8, false);
insert into eventCategory (eventId, categoryId, isRelatedCategory) values (226, 1, false);
insert into eventCategory (eventId, categoryId, isRelatedCategory) values (16, 10, false);
insert into eventCategory (eventId, categoryId, isRelatedCategory) values (190, 5, false);
insert into eventCategory (eventId, categoryId, isRelatedCategory) values (81, 4, false);
insert into eventCategory (eventId, categoryId, isRelatedCategory) values (235, 13, false);
insert into eventCategory (eventId, categoryId, isRelatedCategory) values (78, 10, false);
insert into eventCategory (eventId, categoryId, isRelatedCategory) values (80, 5, false);
insert into eventCategory (eventId, categoryId, isRelatedCategory) values (108, 6, false);
insert into eventCategory (eventId, categoryId, isRelatedCategory) values (23, 11, true);
insert into eventCategory (eventId, categoryId, isRelatedCategory) values (168, 10, true);

UPDATE `category` SET `categoryName`='Newcome & Settlement Services' WHERE `categoryId`='1';
UPDATE `category` SET `categoryName`='Queer and Trans Family Events' WHERE `categoryId`='2';
UPDATE `category` SET `categoryName`='Family Resource Centre Drop-In Programs' WHERE `categoryId`='3';
UPDATE `category` SET `categoryName`='Older LGBTQ Drop-In' WHERE `categoryId`='4';
UPDATE `category` SET `categoryName`='Housing Support for LGBTQ Youth' WHERE `categoryId`='5';
UPDATE `category` SET `categoryName`='Trans Youth Programs' WHERE `categoryId`='6';
UPDATE `category` SET `categoryName`='Meal Trans' WHERE `categoryId`='7';
UPDATE `category` SET `categoryName`='Sunday Drop-In' WHERE `categoryId`='8';
UPDATE `category` SET `categoryName`='Volunteering at The 519' WHERE `categoryId`='9';
UPDATE `category` SET `categoryName`='Green Space Festival' WHERE `categoryId`='10';
UPDATE `category` SET `categoryName`='Special Events at The 519' WHERE `categoryId`='11';
